-- MySQL dump 10.13  Distrib 5.6.44, for debian-linux-gnu (x86_64)
--
-- Host: localhost    Database: d023e2de
-- ------------------------------------------------------
-- Server version	5.6.44-nmm1-log

/*!40101 SET @OLD_CHARACTER_SET_CLIENT=@@CHARACTER_SET_CLIENT */;
/*!40101 SET @OLD_CHARACTER_SET_RESULTS=@@CHARACTER_SET_RESULTS */;
/*!40101 SET @OLD_COLLATION_CONNECTION=@@COLLATION_CONNECTION */;
/*!40101 SET NAMES utf8 */;
/*!40103 SET @OLD_TIME_ZONE=@@TIME_ZONE */;
/*!40103 SET TIME_ZONE='+00:00' */;
/*!40014 SET @OLD_UNIQUE_CHECKS=@@UNIQUE_CHECKS, UNIQUE_CHECKS=0 */;
/*!40014 SET @OLD_FOREIGN_KEY_CHECKS=@@FOREIGN_KEY_CHECKS, FOREIGN_KEY_CHECKS=0 */;
/*!40101 SET @OLD_SQL_MODE=@@SQL_MODE, SQL_MODE='NO_AUTO_VALUE_ON_ZERO' */;
/*!40111 SET @OLD_SQL_NOTES=@@SQL_NOTES, SQL_NOTES=0 */;

--
-- Table structure for table `adresse`
--

DROP TABLE IF EXISTS `adresse`;
/*!40101 SET @saved_cs_client     = @@character_set_client */;
/*!40101 SET character_set_client = utf8 */;
CREATE TABLE `adresse` (
  `ad_id` int(11) NOT NULL AUTO_INCREMENT,
  `ad_type` int(1) NOT NULL,
  `ad_strasse` varchar(100) DEFAULT NULL,
  `ad_hsnr` varchar(5) DEFAULT NULL,
  `ad_plz` varchar(10) DEFAULT NULL,
  `ad_ort` varchar(100) DEFAULT NULL,
  `ad_land` varchar(100) NOT NULL DEFAULT 'Deutschland',
  `ad_lat` varchar(20) DEFAULT NULL,
  `ad_lng` varchar(20) DEFAULT NULL,
  `ad_geostatus` varchar(30) DEFAULT NULL,
  `ad_lastchange` datetime NOT NULL,
  `ad_createdate` datetime NOT NULL,
  PRIMARY KEY (`ad_id`)
) ENGINE=MyISAM AUTO_INCREMENT=95 DEFAULT CHARSET=utf8;
/*!40101 SET character_set_client = @saved_cs_client */;

--
-- Dumping data for table `adresse`
--

LOCK TABLES `adresse` WRITE;
/*!40000 ALTER TABLE `adresse` DISABLE KEYS */;
INSERT INTO `adresse` (`ad_id`, `ad_type`, `ad_strasse`, `ad_hsnr`, `ad_plz`, `ad_ort`, `ad_land`, `ad_lat`, `ad_lng`, `ad_geostatus`, `ad_lastchange`, `ad_createdate`) VALUES (1,1,'Baumschulweg','23','37688','Beverungen','','51.7107157','9.3825437','OK','2017-03-03 16:55:38','2015-07-11 09:39:49'),(2,1,'Baumschulweg','22','37688','Beverungen','Deutschland','51.7106361','9.382295','OK','2016-12-11 21:53:42','2015-07-11 09:39:49'),(3,1,'Baumschulweg','18','37688','Beverungen','','51.7106361','9.382295','OK','2015-07-11 10:04:50','2015-07-11 09:39:49'),(4,1,'Baumschulweg','16','37688','Beverungen','','51.7106361','9.382295','OK','2015-07-11 10:04:50','2015-07-11 09:39:49'),(5,2,'Domhof','1','52062','Aachen','Deutschland','50.7746047','6.0834144','','2019-01-15 09:30:57','2016-10-31 17:57:53'),(6,3,'schierwaldenrather str.','1','89284','Pfaffenhofen','Deutschland','','','','2019-01-15 09:30:57','2016-10-31 17:57:53'),(7,2,'Domkloster','4','50667','Köln','Deutschland','50.9413581','6.9583073','OK','2016-11-12 11:58:26','2016-10-31 18:00:20'),(8,3,'Domkloster','4','50667','Köln','Deutschland','50.9413581','6.9583073','OK','2016-11-12 11:58:26','2016-10-31 18:00:20'),(9,2,'Domplatz','','331098','Paderborn','Deutschland','51.7186823','8.7568438','OK','2016-11-27 11:10:28','2016-10-31 18:03:55'),(10,3,'Domplatz','','331098','Paderborn','Deutschland','51.7186823','8.7568438','OK','2016-11-27 11:10:28','2016-10-31 18:03:55'),(11,2,'Domplatz','','49074','Osnabrueck','Deutschland','52.2776028','8.045127','OK','2017-01-27 17:57:03','2016-10-31 18:05:33'),(12,3,'Domplatz','1','49074','Osnabrueck','Deutschland','51.9614837','7.6266847','OK','2017-01-27 17:57:03','2016-10-31 18:05:33'),(13,2,'Frauentorstrasse','2','86152','Augsburg','Deutschland','48.3732156','10.8969785','OK','2016-11-01 11:03:23','2016-10-31 18:11:27'),(14,3,'Frauentorstrasse','2','86152','Augsburg','Deutschland','48.3732156','10.8969785','OK','2016-11-01 11:03:23','2016-10-31 18:11:27'),(15,2,'Domplatz','5','96049','Bamberg','Deutschland','49.8909739','10.8836729','OK','2018-02-25 16:40:48','2016-10-31 18:24:49'),(16,3,'Domplatz','5','96049','Bamberg','Deutschland','49.8909739','10.8836729','OK','2018-02-25 16:40:48','2016-10-31 18:24:49'),(17,2,'Fleischmarkt','','02625','Bautzen','Deutschland','51.1819434','14.423871','OK','2016-11-01 10:16:45','2016-11-01 10:16:32'),(18,3,'Fleischmarkt','','02625','Bautzen','Deutschland','51.1819434','14.423871','OK','2016-11-01 10:16:45','2016-11-01 10:16:32'),(19,2,'Lilienthalstraße','5','10965','Berlin','Deutschland','52.48748','13.40867','OK','2016-11-01 10:26:44','2016-11-01 10:17:26'),(20,3,'Lilienthalstraße','5','10965','Berlin','Deutschland','52.48748','13.40867','OK','2016-11-01 10:26:44','2016-11-01 10:17:26'),(21,2,'Hewdigskirchgasse','1','10117','Berlin','Deutschland','52.5154914','13.3945624','OK','2016-11-01 10:31:18','2016-11-01 10:27:47'),(22,3,'Hewdigskirchgasse','1','10117','Berlin','Deutschland','52.5154914','13.3945624','OK','2016-11-01 10:31:18','2016-11-01 10:27:47'),(23,2,'Königstraße','20','89407','Dillingen an der Donau','Deutschland','48.57755','10.49507','OK','2016-11-01 10:38:10','2016-11-01 10:38:02'),(24,3,'Königstraße','20','89407','Dillingen an der Donau','Deutschland','48.57755','10.49507','OK','2016-11-01 10:38:10','2016-11-01 10:38:02'),(25,2,'Schloßstraße','24','01067','Dresden','Deutschland','51.0527074','13.7380927','OK','2016-11-01 10:39:01','2016-11-01 10:38:52'),(26,3,'Schloßstraße','24','01067','Dresden','Deutschland','51.0527074','13.7380927','OK','2016-11-01 10:39:01','2016-11-01 10:38:52'),(27,2,'Domplatz','','85072','Eichstätt','Deutschland','48.8922897','11.1841275','OK','2016-11-01 10:40:17','2016-11-01 10:40:00'),(28,3,'Domplatz','','85072','Eichstätt','Deutschland','48.8922897','11.1841275','OK','2016-11-01 10:40:17','2016-11-01 10:40:00'),(29,2,'Severihof','3','99084 ','Erfurt','Deutschland','50.976433','11.022474','OK','2016-11-01 10:41:39','2016-11-01 10:40:54'),(30,3,'Severihof','3','99084 ','Erfurt','Deutschland','50.976433','11.022474','OK','2016-11-01 10:41:39','2016-11-01 10:40:54'),(31,2,'Kettwiger Str.','42','45127','Essen','Deutschland','51.45642','7.01325','OK','2016-11-01 10:45:20','2016-11-01 10:42:41'),(32,3,'Kettwiger Str.','42','45127','Essen','Deutschland','51.45642','7.01325','OK','2016-11-01 10:45:20','2016-11-01 10:42:41'),(33,2,'Münsterplatz','','79098','Freiburg im Breisgau','Deutschland','47.995943','7.8528374','OK','2016-11-01 11:03:08','2016-11-01 10:43:40'),(34,3,'Münsterplatz','','79098','Freiburg im Breisgau','Deutschland','47.995943','7.8528374','OK','2016-11-01 11:03:08','2016-11-01 10:43:40'),(35,2,'Domberg','36','85354','Freising','Deutschland','48.39862','11.74656','OK','2016-11-01 10:44:26','2016-11-01 10:44:18'),(36,3,'Domberg','36','85354','Freising','Deutschland','48.39862','11.74656','OK','2016-11-01 10:44:26','2016-11-01 10:44:18'),(37,2,'Eduard-Schick-Platz','','36037','Fulda','Deutschland','50.5548033','9.6712016','OK','2016-11-01 11:03:03','2016-11-01 10:46:40'),(38,3,'Eduard-Schick-Platz','','36037','Fulda','Deutschland','50.5548033','9.6712016','OK','2016-11-01 11:03:03','2016-11-01 10:46:40'),(39,2,' An der Jakobuskirche','4','02826','Görlitz','Deutschland','51.14452','14.97906','OK','2016-11-01 10:47:47','2016-11-01 10:47:36'),(40,3,' An der Jakobuskirche','4','02826','Görlitz','Deutschland','51.14452','14.97906','OK','2016-11-01 10:47:47','2016-11-01 10:47:36'),(41,2,'Am Mariendom','7','20099','Hamburg','Deutschland','53.5575992','10.0131177','OK','2016-11-01 10:48:34','2016-11-01 10:48:20'),(42,3,'Am Mariendom','7','20099','Hamburg','Deutschland','53.5575992','10.0131177','OK','2016-11-01 10:48:34','2016-11-01 10:48:20'),(43,2,'Domhof','17','31134','Hildesheim','Deutschland','52.1482808','9.9464684','OK','2016-11-01 10:49:58','2016-11-01 10:49:54'),(44,3,'Domhof','17','31134','Hildesheim','Deutschland','52.1482808','9.9464684','OK','2016-11-01 10:49:58','2016-11-01 10:49:54'),(45,2,'Domplatz','','65549','Limburg an der Lahn','Deutschland','50.3886198','8.0666455','OK','2016-11-01 10:51:32','2016-11-01 10:51:24'),(46,3,'Domplatz','','65549','Limburg an der Lahn','Deutschland','50.3886198','8.0666455','OK','2016-11-01 10:51:32','2016-11-01 10:51:24'),(47,2,'Max-Josef-Metzger-Straße','1A','39104','Magdeburg','Deutschland','52.12561','11.63115','OK','2016-11-01 10:57:40','2016-11-01 10:52:02'),(48,3,'Max-Josef-Metzger-Straße','1A','39104','Magdeburg','Deutschland','','','','2016-11-01 10:52:02','2016-11-01 10:52:02'),(49,2,'Markt','10','55116','Mainz','Deutschland','49.99925','8.27352','OK','2016-11-01 10:57:41','2016-11-01 10:53:05'),(50,3,'Markt','10','55116','Mainz','Deutschland','','','','2016-11-01 10:53:05','2016-11-01 10:53:05'),(51,2,'Neumarkt','','01067','Dresden','Deutschland','51.0510402','13.7414887','OK','2016-11-30 10:12:23','2016-11-01 10:53:28'),(52,3,'Neumarkt','','01067','Dresden','Deutschland','51.0510402','13.7414887','OK','2016-11-30 10:12:23','2016-11-01 10:53:28'),(53,2,'Domplatz ','28','48143','Münster','Deutschland','51.9633576','7.6244089','OK','2016-11-01 10:57:44','2016-11-01 10:53:49'),(54,3,'Domplatz ','28','48143','Münster','Deutschland','','','','2016-11-01 10:53:49','2016-11-01 10:53:49'),(55,2,'Domplatz','','94032','Passau','Deutschland','48.5743054','13.4640066','OK','2016-11-01 10:57:45','2016-11-01 10:54:20'),(56,3,'Domplatz','','94032','Passau','Deutschland','','','','2016-11-01 10:54:20','2016-11-01 10:54:20'),(57,2,'Domplatz','1','93047','Regensburg','Deutschland','49.018872','12.0983708','OK','2016-11-01 10:57:47','2016-11-01 10:54:42'),(58,3,'Domplatz','1','93047','Regensburg','Deutschland','','','','2016-11-01 10:54:42','2016-11-01 10:54:42'),(59,2,'Markplatz','1','72108','Rottenburg am Neckar','Deutschland','48.4773894','8.9341282','OK','2017-03-07 13:23:04','2016-11-01 10:55:10'),(60,3,'Markplatz','1','72108','Rottenburg am Neckar','Deutschland','48.4773894','8.9341282','OK','2017-03-07 13:23:04','2016-11-01 10:55:10'),(61,2,'Domplatz','','67346','Speyer','Deutschland','49.3163043','8.4414175','OK','2016-11-01 10:57:49','2016-11-01 10:55:31'),(62,3,'Domplatz','','67346','Speyer','Deutschland','','','','2016-11-01 10:55:31','2016-11-01 10:55:31'),(63,2,'Königstraße','7','70173','Stuttgart','Deutschland','48.7798983','9.1804246','OK','2016-11-01 10:57:51','2016-11-01 10:55:57'),(64,3,'Königstraße','7','70173','Stuttgart','Deutschland','','','','2016-11-01 10:55:57','2016-11-01 10:55:57'),(65,2,'Liebfrauenstraße','12','54290','Trier','Deutschland','49.75581','6.64241','OK','2016-11-01 10:57:52','2016-11-01 10:56:23'),(66,3,'Liebfrauenstraße','12','54290','Trier','Deutschland','','','','2016-11-01 10:56:23','2016-11-01 10:56:23'),(67,2,'Domstraße','43','97070','Würzburg','Deutschland','49.7933497','9.9311397','OK','2016-11-01 10:57:53','2016-11-01 10:56:49'),(68,3,'Domstraße','43','97070','Würzburg','Deutschland','','','','2016-11-01 10:56:49','2016-11-01 10:56:49'),(69,2,'Schönstraße','55','81543','München','Deutschland','48.10661','11.56439','OK','2016-11-01 10:57:55','2016-11-01 10:57:21'),(70,3,'Schönstraße','55','81543','München','Deutschland','','','','2016-11-01 10:57:21','2016-11-01 10:57:21'),(71,1,'','','','','Deutschland','','','','2016-11-03 21:20:06','2016-11-03 21:20:06'),(72,1,'','','','','Deutschland','','','','2016-11-11 23:34:16','2016-11-04 20:18:33'),(73,1,'','','','','Deutschland','','','','2016-11-12 16:21:19','2016-11-12 16:21:19'),(74,1,'Kirchgässl','1','67141','Neuhofen','Deutschland','','','','2016-11-20 17:34:56','2016-11-20 17:34:56'),(75,2,'Albrecht-Dürer-Platz','1','90403','Nürnberg','Deutschland','49.4556784','11.075975','SERVICE_STATUS_FAILED','2016-11-29 18:59:19','2016-11-21 12:29:24'),(76,3,'','','','','Deutschland','','','','2016-11-29 18:59:19','2016-11-21 12:29:24'),(77,1,'','','','','Deutschland','','','','2016-11-21 12:31:10','2016-11-21 12:31:10'),(78,2,'Kirchg','1','67141','Neuhofen','Deutschland','','','','2018-12-10 22:04:19','2016-11-21 14:53:47'),(79,3,'Kirchg','1','67141','Neuhofen','Deutschland','','','','2018-12-10 22:04:19','2016-11-21 14:53:47'),(80,1,'','','','','Deutschland','','','','2017-01-27 18:03:38','2017-01-27 18:03:38'),(92,1,'','','','','Deutschland','','','','2019-01-17 09:42:05','2018-12-10 22:00:46'),(81,2,'LKAoier','12','00000','Kunming, Provinz Yunnan','Österreich','','','','2017-03-07 13:28:53','2017-03-07 13:28:53'),(82,3,'','','','','Deutschland','','','','2017-03-07 13:28:53','2017-03-07 13:28:53'),(83,2,'','','','','Deutschland','','','','2017-05-23 16:18:43','2017-05-23 16:18:43'),(84,3,'','','','','Deutschland','','','','2017-05-23 16:18:43','2017-05-23 16:18:43'),(85,2,'Kirchplatz','4','85445','Aufkirchen','Deutschland','','','','2017-05-23 16:20:50','2017-05-23 16:20:50'),(86,3,'Hofmarkstrasse','10','85445','Eitting','Deutschland','','','','2017-05-23 16:20:50','2017-05-23 16:20:50'),(87,2,'Hauptstr. ','14','31515','Wunstorf','Deutschland','','','','2018-06-21 18:54:05','2018-06-21 18:54:05'),(88,3,'Hauptstr. ','14','31515','Wunstorf','Deutschland','','','','2018-06-21 18:54:05','2018-06-21 18:54:05'),(89,1,'Masstrasse','645','15232','Frankfurt (Oder)','Deutschland','','','','2018-07-20 13:10:11','2018-07-20 12:57:07'),(90,2,'Gertraudenplatz','6','15230','Frankfurt (Oder)','Deutschland','','','','2018-07-20 12:59:04','2018-07-20 12:59:04'),(91,3,'Steingasse','1','15230','Frankfurt (Oder)','Deutschland','','','','2018-07-20 12:59:04','2018-07-20 12:59:04'),(93,2,'','','','Helsinghausen','Deutschland','','','','2019-01-17 09:22:03','2019-01-17 09:22:03'),(94,3,'','','','','Deutschland','','','','2019-01-17 09:22:03','2019-01-17 09:22:03');
/*!40000 ALTER TABLE `adresse` ENABLE KEYS */;
UNLOCK TABLES;

--
-- Table structure for table `ansprechpartner`
--

DROP TABLE IF EXISTS `ansprechpartner`;
/*!40101 SET @saved_cs_client     = @@character_set_client */;
/*!40101 SET character_set_client = utf8 */;
CREATE TABLE `ansprechpartner` (
  `a_id` int(11) NOT NULL AUTO_INCREMENT,
  `a_funktion` varchar(50) NOT NULL,
  `a_stelle` varchar(50) NOT NULL,
  `a_anrede` varchar(50) NOT NULL,
  `a_titel` varchar(20) NOT NULL,
  `a_vorname` varchar(50) NOT NULL,
  `a_name` varchar(50) NOT NULL,
  `ad_id` int(11) DEFAULT NULL,
  `a_telefon` varchar(50) NOT NULL,
  `a_andere` varchar(100) NOT NULL,
  `a_fax` varchar(50) NOT NULL,
  `a_mobil` varchar(50) NOT NULL,
  `a_email` varchar(50) NOT NULL,
  `a_bemerkung` varchar(500) NOT NULL,
  `a_aktiv` varchar(10) NOT NULL,
  `a_lastchange` datetime NOT NULL,
  `a_createdate` datetime NOT NULL,
  PRIMARY KEY (`a_id`),
  KEY `ad_id` (`ad_id`)
) ENGINE=MyISAM AUTO_INCREMENT=11 DEFAULT CHARSET=utf8;
/*!40101 SET character_set_client = @saved_cs_client */;

--
-- Dumping data for table `ansprechpartner`
--

LOCK TABLES `ansprechpartner` WRITE;
/*!40000 ALTER TABLE `ansprechpartner` DISABLE KEYS */;
INSERT INTO `ansprechpartner` (`a_id`, `a_funktion`, `a_stelle`, `a_anrede`, `a_titel`, `a_vorname`, `a_name`, `ad_id`, `a_telefon`, `a_andere`, `a_fax`, `a_mobil`, `a_email`, `a_bemerkung`, `a_aktiv`, `a_lastchange`, `a_createdate`) VALUES (1,'Firmendaten','','Herr','','Test','Orgelbauer',1,'05273 12345-67','','05273 12345-68','0173 1234567','info@orgelbau-software.de','','1','2017-03-03 16:55:37','0000-00-00 00:00:00'),(2,'EDV','','Herr','Dr.','','Watermeyer',2,'01621770699','','','01621770699','stephan@watermeyer.info','','1','2016-12-11 21:53:42','0000-00-00 00:00:00'),(3,'','','','','','asd',71,'','','','','','','0','2016-11-03 21:20:06','2016-11-03 21:20:06'),(4,'Orgelsachverständige','','Herr','','','Müller',72,'','','','','','','1','2016-11-11 23:34:16','2016-11-04 20:18:33'),(5,'','','','','','Meyer',73,'','','','','','','1','2016-11-12 16:21:19','2016-11-12 16:21:19'),(6,'Pfarrer','','Herr','','Ralf','Gölzer',74,'06236 / 40 80 185','','','','','','1','2016-11-20 17:34:56','2016-11-20 17:34:56'),(7,'KMD','','Herr','','Bernhard','Buttmann',77,'','','','','','','1','2016-11-21 12:31:10','2016-11-21 12:31:10'),(8,'Organist','','','','','Schulze',80,'','','','','','','1','2017-01-27 18:03:38','2017-01-27 18:03:38'),(9,'Kantor','','Herr','','Stephan','Hardt',89,'','','','','','','1','2018-07-20 13:10:11','2018-07-20 12:57:07'),(10,'K','','','','Werner','Funke',92,'','','','','','','1','2019-01-17 09:42:05','2018-12-10 22:00:46');
/*!40000 ALTER TABLE `ansprechpartner` ENABLE KEYS */;
UNLOCK TABLES;

--
-- Table structure for table `arbeitstag`
--

DROP TABLE IF EXISTS `arbeitstag`;
/*!40101 SET @saved_cs_client     = @@character_set_client */;
/*!40101 SET character_set_client = utf8 */;
CREATE TABLE `arbeitstag` (
  `at_id` int(11) NOT NULL AUTO_INCREMENT,
  `at_datum` date NOT NULL,
  `be_id` int(10) NOT NULL,
  `proj_id` int(11) NOT NULL,
  `au_id` int(10) NOT NULL,
  `at_stunden_ist` double(10,2) NOT NULL,
  `at_stunden_soll` double(10,2) NOT NULL,
  `at_stunden_dif` double(10,2) NOT NULL,
  `at_kommentar` varchar(500) NOT NULL,
  `at_komplett` int(2) NOT NULL DEFAULT '0',
  `at_gesperrt` int(2) NOT NULL DEFAULT '0',
  `at_lastchange` datetime NOT NULL,
  `at_createdate` datetime NOT NULL,
  PRIMARY KEY (`at_id`),
  UNIQUE KEY `at_datum` (`at_datum`,`be_id`,`proj_id`,`au_id`)
) ENGINE=MyISAM AUTO_INCREMENT=119 DEFAULT CHARSET=utf8;
/*!40101 SET character_set_client = @saved_cs_client */;

--
-- Dumping data for table `arbeitstag`
--

LOCK TABLES `arbeitstag` WRITE;
/*!40000 ALTER TABLE `arbeitstag` DISABLE KEYS */;
INSERT INTO `arbeitstag` (`at_id`, `at_datum`, `be_id`, `proj_id`, `au_id`, `at_stunden_ist`, `at_stunden_soll`, `at_stunden_dif`, `at_kommentar`, `at_komplett`, `at_gesperrt`, `at_lastchange`, `at_createdate`) VALUES (10,'2016-10-31',1,1,219,8.00,8.00,0.00,'',1,0,'2016-11-01 12:58:35','2016-11-01 12:58:35'),(11,'2016-11-04',1,1,219,8.00,8.00,0.00,'',1,0,'2016-11-01 12:58:35','2016-11-01 12:58:35'),(12,'2016-11-02',1,1,183,8.00,8.00,0.00,'',1,0,'2016-11-01 12:58:35','2016-11-01 12:58:35'),(13,'2016-11-03',1,1,184,8.00,8.00,0.00,'',1,0,'2016-11-01 12:58:35','2016-11-01 12:58:35'),(14,'2016-10-31',2,1,219,5.00,8.00,-3.00,'',1,0,'2016-11-01 12:58:40','2016-11-01 12:58:40'),(15,'2016-10-31',2,1,185,3.00,8.00,-5.00,'',1,0,'2016-11-01 12:58:40','2016-11-01 12:58:40'),(16,'2016-11-02',2,1,185,8.00,8.00,0.00,'',1,0,'2016-11-01 12:58:40','2016-11-01 12:58:40'),(17,'2016-11-03',2,1,185,8.00,8.00,0.00,'',1,0,'2016-11-01 12:58:40','2016-11-01 12:58:40'),(18,'2016-11-04',2,1,185,8.00,8.00,0.00,'',1,0,'2016-11-01 12:58:40','2016-11-01 12:58:40'),(21,'2016-10-24',1,1,219,5.00,8.00,-3.00,'',1,0,'2016-11-01 13:00:01','2016-11-01 13:00:01'),(22,'2016-10-25',1,1,219,4.00,8.00,-4.00,'',1,0,'2016-11-01 13:00:01','2016-11-01 13:00:01'),(28,'2016-10-31',3,1,183,4.00,8.25,-4.25,'',1,0,'2016-11-11 22:29:06','2016-11-11 22:29:06'),(68,'2016-11-11',3,1,185,8.00,7.00,1.00,'',1,0,'2016-11-12 12:05:12','2016-11-12 12:05:12'),(67,'2016-11-10',3,1,185,8.00,8.25,-0.25,'',1,0,'2016-11-12 12:05:12','2016-11-12 12:05:12'),(66,'2016-11-09',3,1,185,8.00,8.25,-0.25,'',1,0,'2016-11-12 12:05:12','2016-11-12 12:05:12'),(65,'2016-11-08',3,1,185,8.00,8.25,-0.25,'',1,0,'2016-11-12 12:05:12','2016-11-12 12:05:12'),(64,'2016-11-07',3,1,185,8.00,8.25,-0.25,'',1,0,'2016-11-12 12:05:12','2016-11-12 12:05:12'),(63,'2016-11-11',1,1,219,8.00,8.00,0.00,'',1,0,'2016-11-12 12:04:57','2016-11-12 12:04:57'),(62,'2016-11-10',1,1,219,8.00,8.00,0.00,'',1,0,'2016-11-12 12:04:57','2016-11-12 12:04:57'),(59,'2016-11-07',1,1,219,8.00,8.00,0.00,'',1,0,'2016-11-12 12:04:57','2016-11-12 12:04:57'),(60,'2016-11-08',1,1,219,8.00,8.00,0.00,'',1,0,'2016-11-12 12:04:57','2016-11-12 12:04:57'),(61,'2016-11-09',1,1,219,8.00,8.00,0.00,'',1,0,'2016-11-12 12:04:57','2016-11-12 12:04:57'),(69,'2016-11-21',1,3,219,6.00,8.00,-2.00,'',0,0,'2016-11-21 14:43:59','2016-11-21 14:43:59'),(70,'2016-11-22',1,3,183,7.00,8.00,-1.00,'',0,0,'2016-11-21 14:43:59','2016-11-21 14:43:59'),(71,'2016-11-23',1,3,184,9.00,8.00,1.00,'',0,0,'2016-11-21 14:43:59','2016-11-21 14:43:59'),(72,'2017-01-23',3,2,185,8.00,8.25,-0.25,'',1,0,'2017-01-27 18:17:34','2017-01-27 18:17:34'),(73,'2017-01-24',3,2,191,7.00,8.25,-1.25,'',1,0,'2017-01-27 18:17:34','2017-01-27 18:17:34'),(74,'2017-01-25',3,2,181,6.00,8.25,-2.25,'',1,0,'2017-01-27 18:17:34','2017-01-27 18:17:34'),(75,'2017-01-26',3,2,239,5.00,8.25,-3.25,'',1,0,'2017-01-27 18:17:34','2017-01-27 18:17:34'),(76,'2017-01-27',3,2,212,4.00,7.00,-3.00,'',1,0,'2017-01-27 18:17:34','2017-01-27 18:17:34'),(77,'2017-03-06',2,1,219,5.00,8.00,-3.00,'',0,0,'2017-03-07 13:25:33','2017-03-07 13:25:33'),(78,'2017-03-06',1,2,219,50.00,8.00,42.00,'',0,0,'2017-03-08 10:29:50','2017-03-08 10:29:50'),(79,'2017-03-07',1,2,219,38.75,8.00,30.75,'',0,0,'2017-03-08 10:29:50','2017-03-08 10:29:50'),(80,'2017-03-07',1,2,184,38.75,8.00,30.75,'',0,0,'2017-03-08 10:29:50','2017-03-08 10:29:50'),(81,'2017-03-09',1,2,185,38.75,8.00,30.75,'',0,0,'2017-03-08 10:29:50','2017-03-08 10:29:50'),(82,'2017-03-10',1,2,185,9.00,8.00,1.00,'',0,0,'2017-03-08 10:29:50','2017-03-08 10:29:50'),(101,'2017-05-22',1,2,219,8.50,8.00,0.50,'',0,0,'2017-05-23 16:25:24','2017-05-23 16:25:24'),(102,'2017-05-24',1,2,219,9.00,8.00,1.00,'',0,0,'2017-05-23 16:25:24','2017-05-23 16:25:24'),(103,'2017-05-25',1,2,219,10.00,0.00,10.00,'',0,0,'2017-05-23 16:25:24','2017-05-23 16:25:24'),(104,'2017-05-26',1,2,219,5.00,8.00,-3.00,'',0,0,'2017-05-23 16:25:24','2017-05-23 16:25:24'),(105,'2017-05-27',1,2,219,9.00,0.00,9.00,'',0,0,'2017-05-23 16:25:24','2017-05-23 16:25:24'),(106,'2017-05-23',1,2,183,8.00,8.00,0.00,'',0,0,'2017-05-23 16:25:24','2017-05-23 16:25:24'),(107,'2017-05-26',1,2,184,4.00,8.00,-4.00,'',0,0,'2017-05-23 16:25:24','2017-05-23 16:25:24'),(108,'2017-05-24',1,2,185,1.00,8.00,-7.00,'',0,0,'2017-05-23 16:25:24','2017-05-23 16:25:24'),(109,'2017-05-27',1,2,185,1.00,0.00,1.00,'',0,0,'2017-05-23 16:25:24','2017-05-23 16:25:24'),(116,'2018-06-18',3,2,182,20.00,8.25,11.75,'',0,0,'2018-06-21 20:28:09','2018-06-21 20:28:09'),(117,'2018-06-19',3,2,182,15.00,8.25,6.75,'',0,0,'2018-06-21 20:28:09','2018-06-21 20:28:09'),(118,'2018-06-18',3,2,212,100.00,8.25,91.75,'',0,0,'2018-06-21 20:28:09','2018-06-21 20:28:09');
/*!40000 ALTER TABLE `arbeitstag` ENABLE KEYS */;
UNLOCK TABLES;

--
-- Table structure for table `arbeitswoche`
--

DROP TABLE IF EXISTS `arbeitswoche`;
/*!40101 SET @saved_cs_client     = @@character_set_client */;
/*!40101 SET character_set_client = utf8 */;
CREATE TABLE `arbeitswoche` (
  `aw_id` int(11) NOT NULL AUTO_INCREMENT,
  `be_id` int(10) NOT NULL,
  `aw_wochenstart` date NOT NULL,
  `aw_kw` int(2) NOT NULL,
  `aw_jahr` int(4) NOT NULL,
  `aw_stunden_ist` double(10,2) NOT NULL,
  `aw_stunden_soll` double(10,2) NOT NULL,
  `aw_stunden_dif` double(10,2) NOT NULL,
  `aw_eingabe_komplett` int(1) NOT NULL,
  `aw_eingabe_moeglich` int(1) NOT NULL,
  `aw_eingabe_gebucht` int(1) NOT NULL,
  `aw_lastchange` datetime NOT NULL,
  `aw_createdate` datetime NOT NULL,
  PRIMARY KEY (`aw_id`),
  UNIQUE KEY `be_id` (`be_id`,`aw_kw`,`aw_jahr`)
) ENGINE=MyISAM AUTO_INCREMENT=14 DEFAULT CHARSET=utf8;
/*!40101 SET character_set_client = @saved_cs_client */;

--
-- Dumping data for table `arbeitswoche`
--

LOCK TABLES `arbeitswoche` WRITE;
/*!40000 ALTER TABLE `arbeitswoche` DISABLE KEYS */;
INSERT INTO `arbeitswoche` (`aw_id`, `be_id`, `aw_wochenstart`, `aw_kw`, `aw_jahr`, `aw_stunden_ist`, `aw_stunden_soll`, `aw_stunden_dif`, `aw_eingabe_komplett`, `aw_eingabe_moeglich`, `aw_eingabe_gebucht`, `aw_lastchange`, `aw_createdate`) VALUES (1,1,'2016-10-31',44,2016,32.00,40.00,-8.00,1,1,0,'2016-11-01 12:58:35','2016-10-31 17:55:53'),(2,2,'2016-10-31',44,2016,32.00,40.00,-8.00,1,1,0,'2016-11-01 12:58:40','2016-10-31 17:55:53'),(3,1,'2016-10-24',43,2016,9.00,32.00,-23.00,1,0,0,'2016-11-01 13:00:01','2016-11-01 12:59:58'),(4,3,'2016-10-31',44,2016,4.00,31.75,-27.75,1,0,0,'2016-11-11 22:29:06','2016-11-01 13:12:15'),(5,1,'2016-11-07',45,2016,40.00,40.00,0.00,1,0,0,'2016-11-12 12:04:57','2016-11-11 22:27:41'),(6,3,'2016-11-07',45,2016,40.00,40.00,0.00,1,0,0,'2016-11-12 12:05:12','2016-11-11 22:40:49'),(7,1,'2016-11-21',47,2016,22.00,40.00,-18.00,0,0,0,'2016-11-21 14:43:59','2016-11-21 14:43:59'),(8,3,'2017-01-23',4,2017,30.00,40.00,-10.00,1,0,0,'2017-01-27 18:17:34','2017-01-27 18:17:34'),(9,2,'2017-03-06',10,2017,5.00,40.00,-35.00,0,0,0,'2017-03-07 13:25:33','2017-03-07 13:25:33'),(10,1,'2017-03-06',10,2017,175.25,40.00,135.25,0,0,0,'2017-03-08 10:29:50','2017-03-08 10:28:44'),(11,1,'2017-02-27',9,2017,0.00,40.00,-40.00,0,0,0,'2017-03-08 10:29:16','2017-03-08 10:29:16'),(12,1,'2017-05-22',21,2017,55.50,32.00,23.50,0,0,0,'2017-05-23 16:25:24','2017-05-23 16:23:24'),(13,3,'2018-06-18',25,2018,135.00,40.00,95.00,0,0,0,'2018-06-21 20:28:09','2018-06-21 20:27:00');
/*!40000 ALTER TABLE `arbeitswoche` ENABLE KEYS */;
UNLOCK TABLES;

--
-- Table structure for table `aufgabe`
--

DROP TABLE IF EXISTS `aufgabe`;
/*!40101 SET @saved_cs_client     = @@character_set_client */;
/*!40101 SET character_set_client = utf8 */;
CREATE TABLE `aufgabe` (
  `au_id` int(10) NOT NULL AUTO_INCREMENT,
  `au_bezeichnung` varchar(100) NOT NULL,
  `au_beschreibung` varchar(500) NOT NULL,
  `au_geloescht` int(10) NOT NULL,
  `au_parentid` int(11) NOT NULL,
  `au_lastchange` datetime NOT NULL,
  `au_createdate` datetime NOT NULL,
  PRIMARY KEY (`au_id`)
) ENGINE=MyISAM AUTO_INCREMENT=277 DEFAULT CHARSET=utf8;
/*!40101 SET character_set_client = @saved_cs_client */;

--
-- Dumping data for table `aufgabe`
--

LOCK TABLES `aufgabe` WRITE;
/*!40000 ALTER TABLE `aufgabe` DISABLE KEYS */;
INSERT INTO `aufgabe` (`au_id`, `au_bezeichnung`, `au_beschreibung`, `au_geloescht`, `au_parentid`, `au_lastchange`, `au_createdate`) VALUES (64,'Spieltisch','Werkstattarbeiten, Neubau und Restaurierung',0,0,'2012-04-30 11:32:17','2009-01-10 16:52:00'),(66,'Montage','Aufbau in der Kirche',0,0,'2009-01-20 09:35:50','2009-01-10 16:52:45'),(70,'Pfeifenwerk (gelöscht)','Werkstattarbeit',1,0,'2013-04-21 17:04:39','2009-01-18 12:54:22'),(80,'Spieltraktur','Werkstattarbeit, Neubau und Restaurierung',0,0,'2012-04-30 11:36:24','2009-01-18 13:06:15'),(86,'Sanierung (gelöscht)','Werksattarbeiten, Neubau und Restaurierung',1,0,'2012-05-06 12:17:37','2009-01-18 13:11:53'),(89,'Windanlage','Werkstattarbeiten, Neubau und Restaurierung',0,0,'2012-03-05 12:31:46','2009-01-19 17:42:39'),(98,'Gerüstbau','Werkstattarbeit',0,0,'2009-01-20 09:50:07','2009-01-19 17:52:56'),(102,'Holzpfeifenbau-Neu (gelöscht)','Werkstattarbeit',1,0,'2012-05-06 12:25:07','2009-01-19 17:56:11'),(106,'Metallpfeifen (gelöscht)','Werkstattarbeit',1,0,'2013-05-08 11:05:38','2009-01-19 17:57:41'),(107,'Windladen','Werkstattarbeit Neubau und Restaurieren',0,0,'2012-03-05 11:51:09','2009-01-19 17:58:17'),(227,'Garantie','',0,220,'2012-08-17 16:43:40','2012-08-17 16:43:40'),(226,'Reparatur (gelöscht)','',1,66,'2013-01-17 09:39:26','2012-06-02 12:33:32'),(116,'Aufrastern','Werkstattarbeit',0,0,'2016-11-01 13:10:18','2009-01-19 18:05:14'),(225,'Schule (gelöscht)','',1,220,'2016-07-05 13:35:35','2012-05-25 15:30:27'),(224,'Überstunden (gelöscht)','',1,220,'2014-01-13 10:10:02','2012-05-23 16:44:02'),(223,'Krank (gelöscht)','',1,220,'2014-01-13 10:10:17','2012-05-19 10:56:09'),(120,'Metallpfeifen Restaurierung (gelöscht)','Montage und Werrkstatt',1,0,'2012-05-06 12:25:46','2009-01-19 18:07:31'),(222,'Krank (gelöscht)','',1,0,'2012-05-19 10:55:56','2012-05-19 10:55:36'),(221,'Urlaubzeit (gelöscht)','',1,220,'2014-01-13 08:01:43','2012-05-19 10:54:43'),(124,'Registertraktur','Montage und Werkstatt',0,0,'2012-04-30 11:34:24','2009-01-19 18:08:49'),(220,'Betriebsinterna','',0,0,'2016-07-05 13:35:09','2012-05-19 10:54:29'),(219,'Gehäuseneubau','',0,163,'2012-05-06 14:29:05','2012-05-06 14:29:05'),(127,'Pfeifenwerk','Montage und Werkstatt',0,0,'2013-05-08 11:02:38','2009-01-19 18:10:40'),(212,'Pfeifenneubau-Holz','',0,127,'2013-05-08 11:03:54','2012-05-06 12:24:52'),(129,'Restaurierung (gelöscht)','Montage und Werkstatt',1,0,'2012-05-06 12:17:10','2009-01-19 18:11:30'),(200,'Klaviaturen (gel','',1,64,'2017-01-19 08:09:55','2012-05-06 12:18:01'),(201,'Pedalklaviatur (gelöscht)','',1,64,'2013-05-08 11:15:44','2012-05-06 12:18:17'),(132,'Reinigug','Montage und Werkstatt',0,0,'2009-01-20 09:36:23','2009-01-19 18:13:12'),(218,'Orgelabbau','',0,66,'2012-05-06 13:37:51','2012-05-06 13:37:51'),(217,'Überarbeitung','',0,214,'2014-01-13 09:38:38','2012-05-06 13:37:25'),(216,'Abbau und Aufbau (gelöscht)','',1,214,'2012-05-06 13:36:16','2012-05-06 13:21:19'),(213,'Metallpfeifenrestaurierung (gelöscht)','',1,106,'2013-05-08 11:05:38','2012-05-06 12:26:35'),(214,'Werkstatt','',0,0,'2012-05-06 13:37:26','2012-05-06 13:20:53'),(210,'Stöcke','',0,107,'2012-05-06 12:20:49','2012-05-06 12:20:49'),(208,'Kanäle','',0,89,'2012-05-06 12:20:17','2012-05-06 12:20:17'),(206,'Intonation Werkstatt','',0,178,'2012-05-06 12:19:48','2012-05-06 12:19:48'),(203,'Mechanisch','',0,80,'2012-05-06 12:18:49','2012-05-06 12:18:49'),(202,'Chassi (gel','',1,64,'2017-01-19 08:09:46','2012-05-06 12:18:24'),(199,'Intonationsarbeiten','',0,66,'2012-05-06 12:16:42','2012-05-06 12:16:42'),(198,'Schimmelbekämpfung','',0,132,'2012-05-06 12:13:53','2012-05-06 12:13:53'),(197,'Orgelreinigung','',0,132,'2012-05-06 12:13:32','2012-05-06 12:13:32'),(196,'Reg.-Holz','',0,124,'2012-05-06 12:13:04','2012-05-06 12:13:04'),(195,'Stimmung','',0,180,'2012-05-06 12:12:28','2012-05-06 12:12:28'),(194,'Pfeifenreinigung (gelöscht)','',1,70,'2013-04-21 17:04:39','2012-05-06 12:11:56'),(193,'Tremulant','',0,169,'2012-05-06 12:11:29','2012-05-06 12:10:18'),(192,'Trakturteile','',0,169,'2012-05-06 12:10:07','2012-05-06 12:10:07'),(191,'Aufbau','',0,66,'2012-05-06 12:09:33','2012-05-06 12:09:33'),(190,'Metallpfeifenneubau (gelöscht)','',1,106,'2013-05-08 11:05:38','2012-05-06 12:09:11'),(189,'Pfeifenrestaurierun-Holz','',0,127,'2013-05-08 11:04:23','2012-05-06 12:08:26'),(163,'Gehäuse','Werkstattarbeiten',0,0,'2009-01-20 11:17:19','2009-01-20 11:17:19'),(188,'Sanierung-Metall (gelöscht)','',1,120,'2012-05-06 12:25:46','2012-05-06 12:06:13'),(187,'Holzpfeifen (gelöscht)','',1,102,'2012-05-06 12:25:07','2012-05-06 12:05:48'),(186,'Intonation (gelöscht)','',1,179,'2013-05-08 11:06:43','2012-05-06 12:04:59'),(184,'Spieltischbau','',0,163,'2012-05-06 12:03:55','2012-05-06 12:03:55'),(169,'Orgelteile','Werkstattarbeit',0,0,'2012-04-30 11:39:00','2009-01-20 12:22:56'),(183,'Gehäuserestaurierung','',0,163,'2012-05-06 14:28:53','2012-05-06 12:03:32'),(182,'Pfeifenaufrastern','',0,116,'2012-05-06 12:03:07','2012-05-06 12:03:07'),(181,'Orgelbänke','',0,169,'2012-04-30 11:55:54','2012-04-30 11:55:54'),(180,'Pflege-Stimmungen','Montage',0,0,'2012-04-30 11:41:01','2012-04-30 11:41:01'),(179,'Haupt-Intonation (gelöscht)','Montage',1,0,'2013-05-08 11:06:43','2012-04-30 11:40:31'),(215,'Abbau','',0,214,'2012-05-06 13:35:56','2012-05-06 13:21:03'),(178,'Vor-Intonation','Werkstatt',0,0,'2012-04-30 11:40:07','2012-04-30 11:40:07'),(185,'Holzgerüst','',0,98,'2012-05-06 12:04:13','2012-05-06 12:04:13'),(209,'Korpus','',0,107,'2012-05-06 12:20:36','2012-05-06 12:20:36'),(211,'Windkasten','',0,107,'2012-05-06 12:20:59','2012-05-06 12:20:59'),(207,'Bälge','',0,89,'2012-05-06 12:20:10','2012-05-06 12:20:10'),(205,'Reg-Elektrisch','',0,124,'2012-05-06 12:19:28','2012-05-06 12:19:28'),(204,'Elektrisch','',0,80,'2012-05-06 12:18:56','2012-05-06 12:18:56'),(228,'Kurzarbeit','',0,220,'2012-12-15 11:05:53','2012-12-15 11:05:53'),(229,'Werkstattarbeit (gelöscht)','',1,220,'2014-01-13 08:01:35','2013-01-22 16:11:57'),(230,'Verschiedenes','',0,127,'2013-04-21 17:04:01','2013-04-21 17:02:04'),(231,'Sonstige','',0,132,'2013-04-21 17:03:22','2013-04-21 17:03:22'),(232,'Verschiedene (gelöscht)','',1,106,'2013-05-08 11:05:38','2013-04-21 17:05:20'),(233,'Pfeifenreinigung','',0,132,'2013-04-21 17:05:52','2013-04-21 17:05:52'),(234,'Sicherung','',0,66,'2013-05-08 10:07:35','2013-05-08 10:07:35'),(235,'Pfeifenneubau-Metall','',0,127,'2013-05-08 11:04:07','2013-05-08 11:04:07'),(236,'Pfeifenrestaurierung-Metall','',0,127,'2013-05-08 11:04:41','2013-05-08 11:04:41'),(237,'Zusammenbau','',0,214,'2013-05-08 11:06:26','2013-05-08 11:06:26'),(238,'Pedalklavier (gel','',1,64,'2017-01-19 08:08:11','2013-05-08 11:16:12'),(239,'Pedalkaviatur','',0,169,'2013-05-08 11:16:34','2013-05-08 11:16:34'),(240,'Stoßbälge','',0,169,'2013-05-08 11:16:47','2013-05-08 11:16:47'),(241,'test2','',0,0,'2016-11-21 14:26:13','2013-05-08 11:18:56'),(242,'Hohlflöte','',0,241,'2013-05-08 11:19:10','2013-05-08 11:19:10'),(243,'Gedact','',0,241,'2013-05-08 11:19:22','2013-05-08 11:19:22'),(244,'Subbass','',0,241,'2013-05-08 11:19:42','2013-05-08 11:19:33'),(245,'Violon','',0,241,'2013-05-08 11:20:08','2013-05-08 11:20:08'),(246,'Posaune','',0,241,'2013-05-08 11:20:13','2013-05-08 11:20:13'),(247,'Trompete','',0,241,'2013-05-08 11:20:18','2013-05-08 11:20:18'),(248,'Büro,Doku (gelöscht)','',1,220,'2014-01-13 08:01:56','2014-01-10 15:21:01'),(249,'Garantieleistung','',0,180,'2014-01-13 08:00:17','2014-01-13 08:00:17'),(250,'Werkstattarbeit','',0,0,'2014-01-13 08:03:37','2014-01-13 08:03:37'),(251,'Instandhaltung','',0,250,'2014-01-13 08:03:57','2014-01-13 08:03:57'),(252,'Praktikanten','',0,250,'2014-01-13 08:04:04','2014-01-13 08:04:04'),(253,'Autopflege','',0,250,'2014-01-13 08:06:08','2014-01-13 08:06:08'),(254,'Auszeit','',1,0,'2014-01-13 10:04:25','2014-01-13 09:59:53'),(255,'Urlaub (gelöscht)','',1,254,'2014-01-13 10:07:17','2014-01-13 10:04:31'),(256,'Überstundenvergütet (gelöscht)','',1,254,'2014-01-13 10:07:11','2014-01-13 10:04:46'),(257,'Urlaubszeit (gelöscht)','',1,0,'2014-01-13 10:12:56','2014-01-13 10:08:29'),(258,'Urlaub (gelöscht)','',1,257,'2014-01-13 10:12:56','2014-01-13 10:08:43'),(259,'Aus-Urlaubszeit','',0,0,'2014-01-13 10:14:26','2014-01-13 10:14:26'),(260,'Urlaub','',0,259,'2014-01-13 10:14:38','2014-01-13 10:14:38'),(261,' (gel','',1,259,'2018-12-10 21:55:22','2014-01-13 10:14:44'),(262,'Krank','',0,259,'2014-01-13 10:14:50','2014-01-13 10:14:50'),(263,'Dokumentationen','',0,220,'2016-11-01 13:04:53','2014-01-13 10:22:31'),(264,'Konstruktion','',0,220,'2014-01-13 10:22:45','2014-01-13 10:22:45'),(265,'Angebote','',0,220,'2014-01-13 10:22:51','2014-01-13 10:22:51'),(266,'AAA-Schule (gelöscht)','',1,0,'2016-11-01 13:09:53','2016-07-05 13:33:19'),(267,'Ludwigsburg (gelöscht)','',1,266,'2016-11-01 13:09:53','2016-07-05 13:34:57'),(268,'Ventile','',0,107,'2017-01-18 13:54:44','2017-01-18 13:54:44'),(269,'Unproduktiv','',0,220,'2017-01-19 08:05:16','2017-01-19 08:05:16'),(270,'01 Gehaeuse','',0,64,'2017-01-19 08:09:22','2017-01-19 08:07:16'),(271,'02 Koppelaufbau','',0,64,'2017-01-19 08:08:37','2017-01-19 08:08:37'),(272,'03 Registertraktur','',0,64,'2017-01-19 08:10:09','2017-01-19 08:10:09'),(273,'Test1','',0,116,'2017-01-27 18:15:03','2017-01-27 18:15:03'),(274,'Saubermachen','',0,214,'2018-02-25 17:08:22','2018-02-25 17:08:22'),(275,'','',0,259,'2018-12-10 21:55:07','2018-12-10 21:55:07'),(276,'Ueberstunden','',0,259,'2018-12-10 21:55:15','2018-12-10 21:55:15');
/*!40000 ALTER TABLE `aufgabe` ENABLE KEYS */;
UNLOCK TABLES;

--
-- Table structure for table `aufgabe_mitarbeiter`
--

DROP TABLE IF EXISTS `aufgabe_mitarbeiter`;
/*!40101 SET @saved_cs_client     = @@character_set_client */;
/*!40101 SET character_set_client = utf8 */;
CREATE TABLE `aufgabe_mitarbeiter` (
  `au_id` int(10) NOT NULL,
  `be_id` int(10) NOT NULL,
  PRIMARY KEY (`au_id`,`be_id`)
) ENGINE=MyISAM DEFAULT CHARSET=utf8;
/*!40101 SET character_set_client = @saved_cs_client */;

--
-- Dumping data for table `aufgabe_mitarbeiter`
--

LOCK TABLES `aufgabe_mitarbeiter` WRITE;
/*!40000 ALTER TABLE `aufgabe_mitarbeiter` DISABLE KEYS */;
INSERT INTO `aufgabe_mitarbeiter` (`au_id`, `be_id`) VALUES (64,3),(64,4),(64,5),(64,586),(64,608),(66,3),(66,4),(66,5),(66,586),(66,608),(70,3),(70,4),(70,5),(70,586),(70,608),(80,3),(80,4),(80,5),(80,586),(80,608),(86,3),(86,4),(86,5),(86,586),(86,608),(89,3),(89,4),(89,5),(89,586),(89,608),(98,1),(98,2),(98,3),(98,4),(98,5),(98,586),(98,608),(102,3),(102,4),(102,5),(102,586),(102,608),(106,3),(106,4),(106,5),(106,586),(106,608),(107,3),(107,4),(107,5),(107,586),(107,608),(116,3),(116,4),(116,5),(116,586),(116,608),(120,3),(120,4),(120,5),(120,586),(120,608),(124,3),(124,4),(124,5),(124,586),(124,608),(127,3),(127,4),(127,5),(127,586),(127,608),(129,3),(129,4),(129,5),(129,586),(129,608),(132,3),(132,4),(132,5),(132,586),(132,608),(163,1),(163,2),(163,3),(163,4),(163,5),(163,586),(163,608),(169,3),(169,4),(169,5),(169,586),(169,608),(178,3),(178,4),(178,5),(178,586),(178,608),(179,3),(179,4),(179,5),(179,586),(179,608),(180,3),(180,4),(180,5),(180,586),(180,608),(181,3),(181,4),(181,5),(181,586),(181,608),(182,3),(182,4),(182,5),(182,586),(182,608),(183,3),(183,4),(183,5),(183,586),(183,608),(184,3),(184,4),(184,5),(184,586),(184,608),(185,3),(185,4),(185,5),(185,586),(185,608),(186,3),(186,4),(186,5),(186,586),(186,608),(187,3),(187,4),(187,5),(187,586),(187,608),(188,3),(188,4),(188,5),(188,586),(188,608),(189,3),(189,4),(189,5),(189,586),(189,608),(190,3),(190,4),(190,5),(190,586),(190,608),(191,3),(191,4),(191,5),(191,586),(191,608),(192,3),(192,4),(192,5),(192,586),(192,608),(193,3),(193,4),(193,5),(193,586),(193,608),(194,3),(194,4),(194,5),(194,586),(194,608),(195,3),(195,4),(195,5),(195,586),(195,608),(196,3),(196,4),(196,5),(196,586),(196,608),(197,3),(197,4),(197,5),(197,586),(197,608),(198,3),(198,4),(198,5),(198,586),(198,608),(199,3),(199,4),(199,5),(199,586),(199,608),(200,3),(200,4),(200,5),(200,586),(200,608),(201,3),(201,4),(201,5),(201,586),(201,608),(202,3),(202,4),(202,5),(202,586),(202,608),(203,3),(203,4),(203,5),(203,586),(203,608),(204,3),(204,4),(204,5),(204,586),(204,608),(205,3),(205,4),(205,5),(205,586),(205,608),(206,3),(206,4),(206,5),(206,586),(206,608),(207,3),(207,4),(207,5),(207,586),(207,608),(208,3),(208,4),(208,5),(208,586),(208,608),(209,3),(209,4),(209,5),(209,586),(209,608),(210,3),(210,4),(210,5),(210,586),(210,608),(211,3),(211,4),(211,5),(211,586),(211,608),(212,3),(212,4),(212,5),(212,586),(212,608),(213,3),(213,4),(213,5),(213,586),(213,608),(214,3),(214,4),(214,5),(214,586),(214,608),(215,3),(215,4),(215,5),(215,586),(215,608),(216,3),(216,4),(216,5),(216,586),(216,608),(217,3),(217,4),(217,5),(217,586),(217,608),(218,3),(218,4),(218,5),(218,586),(218,608),(219,3),(219,4),(219,5),(219,586),(219,608),(220,3),(220,4),(220,5),(220,586),(220,608),(221,3),(221,4),(221,5),(221,586),(221,608),(222,3),(222,4),(222,5),(222,586),(222,608),(223,3),(223,4),(223,5),(223,586),(223,608),(224,3),(224,4),(224,5),(224,586),(224,608),(225,3),(225,4),(225,5),(225,586),(225,608),(226,3),(226,4),(226,5),(226,586),(226,608),(227,3),(227,4),(227,5),(227,586),(227,608),(228,3),(228,4),(228,5),(228,586),(228,608),(229,3),(229,4),(229,5),(229,586),(229,608),(230,3),(230,4),(230,5),(230,586),(230,608),(231,3),(231,4),(231,5),(231,586),(231,608),(232,3),(232,4),(232,5),(232,586),(232,608),(233,3),(233,4),(233,5),(233,586),(233,608),(234,3),(234,4),(234,5),(234,586),(234,608),(235,3),(235,4),(235,5),(235,586),(235,608),(236,3),(236,4),(236,5),(236,586),(236,608),(237,3),(237,4),(237,5),(237,586),(237,608),(238,3),(238,4),(238,5),(238,586),(238,608),(239,3),(239,4),(239,5),(239,586),(239,608),(240,3),(240,4),(240,5),(240,586),(240,608),(241,3),(241,4),(241,5),(241,586),(241,608),(242,3),(242,4),(242,5),(242,586),(242,608),(243,3),(243,4),(243,5),(243,586),(243,608),(244,3),(244,4),(244,5),(244,586),(244,608),(245,3),(245,4),(245,5),(245,586),(245,608),(246,3),(246,4),(246,5),(246,586),(246,608),(247,3),(247,4),(247,5),(247,586),(247,608),(248,3),(248,4),(248,5),(248,586),(248,608),(249,3),(249,4),(249,5),(249,586),(249,608),(250,3),(250,4),(250,5),(250,586),(250,608),(251,3),(251,4),(251,5),(251,586),(251,608),(252,3),(252,4),(252,5),(252,586),(252,608),(253,3),(253,4),(253,5),(253,586),(253,608),(254,3),(254,4),(254,5),(254,586),(254,608),(255,3),(255,4),(255,5),(255,586),(255,608),(256,3),(256,4),(256,5),(256,586),(256,608),(257,3),(257,4),(257,5),(257,586),(257,608),(258,3),(258,4),(258,5),(258,586),(258,608),(259,3),(259,4),(259,5),(259,586),(259,608),(260,3),(260,4),(260,5),(260,586),(260,608),(261,3),(261,4),(261,5),(261,586),(261,608),(262,3),(262,4),(262,5),(262,586),(262,608),(263,3),(263,4),(263,5),(263,586),(263,608),(264,3),(264,4),(264,5),(264,586),(264,608),(265,3),(265,4),(265,5),(265,586),(265,608),(266,3),(266,4),(266,5),(266,586),(266,608),(267,3),(267,4),(267,5),(267,586),(267,608),(268,608),(269,608),(270,608),(271,608),(272,608),(273,608);
/*!40000 ALTER TABLE `aufgabe_mitarbeiter` ENABLE KEYS */;
UNLOCK TABLES;

--
-- Table structure for table `benutzer`
--

DROP TABLE IF EXISTS `benutzer`;
/*!40101 SET @saved_cs_client     = @@character_set_client */;
/*!40101 SET character_set_client = utf8 */;
CREATE TABLE `benutzer` (
  `be_id` int(10) NOT NULL AUTO_INCREMENT,
  `be_vorname` varchar(100) NOT NULL,
  `be_nachname` varchar(100) NOT NULL,
  `be_benutzername` varchar(100) NOT NULL,
  `be_passwort` varchar(100) NOT NULL,
  `be_benutzerlevel` int(10) NOT NULL,
  `be_aktiviert` int(10) NOT NULL,
  `be_demo` int(1) NOT NULL DEFAULT '0',
  `be_failedlogin_count` int(11) NOT NULL DEFAULT '0',
  `be_failedlogin_last` datetime NOT NULL,
  `be_geloescht` int(1) NOT NULL,
  `be_std_montag` double(4,2) NOT NULL,
  `be_std_dienstag` double(4,2) NOT NULL,
  `be_std_mittwoch` double(4,2) NOT NULL,
  `be_std_donnerstag` double(4,2) NOT NULL,
  `be_std_freitag` double(4,2) NOT NULL,
  `be_std_samstag` double(4,2) NOT NULL,
  `be_std_sonntag` double(4,2) NOT NULL,
  `be_std_gesamt` double(4,2) NOT NULL,
  `be_eintrittsdatum` date NOT NULL,
  `be_urlaubstage` double(5,2) NOT NULL,
  `be_resturlaub` double(10,2) NOT NULL DEFAULT '0.00',
  `be_urlaub_aktuell` double(10,2) NOT NULL DEFAULT '0.00',
  `be_std_lohn` double(10,2) NOT NULL,
  `be_verrechnungssatz` double(10,2) NOT NULL,
  `be_zeiterfassung` varchar(10) NOT NULL,
  `be_sortierung` int(11) NOT NULL,
  `be_lastchange` datetime NOT NULL,
  `be_createdate` datetime NOT NULL,
  PRIMARY KEY (`be_id`),
  UNIQUE KEY `be_benutzername` (`be_benutzername`)
) ENGINE=MyISAM AUTO_INCREMENT=611 DEFAULT CHARSET=utf8;
/*!40101 SET character_set_client = @saved_cs_client */;

--
-- Dumping data for table `benutzer`
--

--
-- Table structure for table `benutzerverlauf`
--

DROP TABLE IF EXISTS `benutzerverlauf`;
/*!40101 SET @saved_cs_client     = @@character_set_client */;
/*!40101 SET character_set_client = utf8 */;
CREATE TABLE `benutzerverlauf` (
  `bv_id` int(11) NOT NULL AUTO_INCREMENT,
  `bv_benutzerID` int(11) NOT NULL,
  `bv_benutzerName` varchar(50) CHARACTER SET latin1 NOT NULL,
  `bv_requestURI` varchar(250) CHARACTER SET latin1 NOT NULL,
  `bv_referer` varchar(250) CHARACTER SET latin1 NOT NULL,
  `bv_post` varchar(1000) CHARACTER SET latin1 NOT NULL,
  `bv_get` varchar(1000) CHARACTER SET latin1 NOT NULL,
  `bv_duration` int(20) NOT NULL,
  `bv_lastchange` datetime NOT NULL,
  `bv_createdate` datetime NOT NULL,
  PRIMARY KEY (`bv_id`)
) ENGINE=MyISAM AUTO_INCREMENT=5240 DEFAULT CHARSET=utf8;
/*!40101 SET character_set_client = @saved_cs_client */;

--
-- Dumping data for table `benutzerverlauf`
--

--
-- Table structure for table `disposition`
--

DROP TABLE IF EXISTS `disposition`;
/*!40101 SET @saved_cs_client     = @@character_set_client */;
/*!40101 SET character_set_client = utf8 */;
CREATE TABLE `disposition` (
  `d_id` int(100) NOT NULL AUTO_INCREMENT,
  `o_id` int(100) NOT NULL,
  `m_id` int(100) NOT NULL,
  `d_name` varchar(100) NOT NULL,
  `d_fuss` varchar(100) NOT NULL,
  `d_reihenfolge` int(10) NOT NULL,
  `d_lastchange` datetime NOT NULL,
  `d_createdate` datetime NOT NULL,
  PRIMARY KEY (`d_id`)
) ENGINE=MyISAM AUTO_INCREMENT=5870 DEFAULT CHARSET=utf8;
/*!40101 SET character_set_client = @saved_cs_client */;

--
-- Dumping data for table `disposition`
--

LOCK TABLES `disposition` WRITE;
/*!40000 ALTER TABLE `disposition` DISABLE KEYS */;
INSERT INTO `disposition` (`d_id`, `o_id`, `m_id`, `d_name`, `d_fuss`, `d_reihenfolge`, `d_lastchange`, `d_createdate`) VALUES (1090,1,1,'Gedact','8',0,'0000-00-00 00:00:00','0000-00-00 00:00:00'),(1091,1,1,'Quintade','8',0,'0000-00-00 00:00:00','0000-00-00 00:00:00'),(1092,1,1,'Principal','4',0,'0000-00-00 00:00:00','0000-00-00 00:00:00'),(1093,1,1,'Spillflöte','4',0,'0000-00-00 00:00:00','0000-00-00 00:00:00'),(1094,1,1,'Waldflöte','2',0,'0000-00-00 00:00:00','0000-00-00 00:00:00'),(1095,1,1,'Mixtur 4fach','1/3',0,'0000-00-00 00:00:00','0000-00-00 00:00:00'),(1096,1,6,'Subbaß','16',0,'0000-00-00 00:00:00','0000-00-00 00:00:00'),(1097,2,1,'Rohrflöte','8',0,'2016-11-12 16:23:29','0000-00-00 00:00:00'),(1098,2,1,'Octave','4',4,'2011-02-09 17:18:49','0000-00-00 00:00:00'),(1099,2,1,'Nasat','3',5,'2016-11-12 16:23:39','0000-00-00 00:00:00'),(1100,2,1,'Mixtur 3-4fach','1 1/3',6,'2011-02-09 17:18:49','0000-00-00 00:00:00'),(1101,2,2,'Gedact','8',8,'2011-02-09 17:18:49','0000-00-00 00:00:00'),(1102,2,2,'Flöte','4',10,'2011-02-09 17:18:49','0000-00-00 00:00:00'),(1103,2,2,'Principal','2',11,'2011-02-09 17:18:49','0000-00-00 00:00:00'),(1104,2,2,'Glöckleinton 2fach','1/3',12,'2016-11-12 15:53:24','0000-00-00 00:00:00'),(1105,2,6,'Subbaß','16',13,'2011-02-09 17:18:49','0000-00-00 00:00:00'),(1106,2,6,'Rohrpommer','8',14,'2011-02-09 17:18:49','0000-00-00 00:00:00'),(1107,2,6,'Choralbaß','4',15,'2011-02-09 17:18:49','0000-00-00 00:00:00'),(5822,0,0,'','',0,'2016-11-11 22:33:44','2016-11-11 22:33:44'),(1109,3,1,'Principal','8',9,'2016-11-12 10:18:38','0000-00-00 00:00:00'),(1110,3,1,'Rohrflöte','8',8,'2016-11-12 10:18:38','0000-00-00 00:00:00'),(1111,3,1,'Octave','4',7,'2016-11-12 10:18:38','0000-00-00 00:00:00'),(1112,3,1,'Gedact','4',5,'2016-11-12 10:18:38','0000-00-00 00:00:00'),(1113,3,1,'Waldflöte','2',4,'2016-11-12 10:18:38','0000-00-00 00:00:00'),(1114,3,1,'Sesquialtera 2fach','3',3,'2016-11-12 10:18:38','0000-00-00 00:00:00'),(1115,3,1,'Mixtur 5fach','1 1/3',2,'2016-11-12 10:18:38','0000-00-00 00:00:00'),(1116,3,1,'Trompete','8',1,'2016-11-12 10:18:38','0000-00-00 00:00:00'),(1117,3,2,'Copula','8',17,'2016-11-12 10:18:38','0000-00-00 00:00:00'),(1118,3,2,'Salicional','8',16,'2016-11-12 10:18:38','0000-00-00 00:00:00'),(1119,3,2,'Principal','4',15,'2016-11-12 10:18:38','0000-00-00 00:00:00'),(1120,3,2,'Koppelflöte','4',14,'2016-11-12 10:18:38','0000-00-00 00:00:00'),(1121,3,2,'Octave','2',13,'2016-11-12 10:18:38','0000-00-00 00:00:00'),(1122,3,2,'Quinte','1 1/3',12,'2016-11-12 10:18:38','0000-00-00 00:00:00'),(1123,3,2,'Scharff 4fach','1',11,'2016-11-12 10:18:38','0000-00-00 00:00:00'),(1124,3,2,'Oboe','8',10,'2016-11-12 10:18:38','0000-00-00 00:00:00'),(1125,3,6,'Principal','16',23,'2016-11-12 10:18:38','0000-00-00 00:00:00'),(1126,3,6,'Subbaß','16',22,'2016-11-12 10:18:38','0000-00-00 00:00:00'),(1127,3,6,'Octave','8',21,'2016-11-12 10:18:38','0000-00-00 00:00:00'),(1128,3,6,'Pommer','8',20,'2016-11-12 10:18:38','0000-00-00 00:00:00'),(1129,3,6,'Gemshorn','4',19,'2016-11-12 10:18:38','0000-00-00 00:00:00'),(1130,3,6,'Mixtur 4fach','3',18,'2016-11-12 10:18:38','0000-00-00 00:00:00'),(1131,3,6,'Posaune','16',24,'2016-11-12 10:18:38','0000-00-00 00:00:00'),(1132,4,1,'Koppelflöte','8',1,'2011-02-03 08:47:58','0000-00-00 00:00:00'),(1133,4,1,'Principal','4',2,'2011-02-03 08:47:58','0000-00-00 00:00:00'),(1134,4,1,'Blockflöte','2',3,'2011-02-03 08:47:58','0000-00-00 00:00:00'),(1135,4,1,'Mixtur 4fach','1 1/3',4,'2011-02-03 08:47:58','0000-00-00 00:00:00'),(1136,4,2,'Gedact','8',5,'2011-02-03 08:47:58','0000-00-00 00:00:00'),(1137,4,2,'Rohrflöte','4',6,'2011-02-03 08:47:58','0000-00-00 00:00:00'),(1138,4,2,'Principal','2',7,'2011-02-03 08:47:58','0000-00-00 00:00:00'),(1139,4,2,'Terzian2fach','/',8,'2011-02-03 08:47:58','0000-00-00 00:00:00'),(1140,4,6,'Subbaß','16',9,'2011-02-03 08:47:58','0000-00-00 00:00:00'),(1141,4,6,'Gemshorn','8',10,'2011-02-03 08:47:58','0000-00-00 00:00:00'),(1142,4,6,'Choralbaß','4',11,'2011-02-03 08:47:58','0000-00-00 00:00:00'),(1143,5,1,'Gedact','8',1,'2016-11-01 11:20:08','0000-00-00 00:00:00'),(1144,5,1,'Spitzflöte','8',2,'2016-11-01 11:20:08','0000-00-00 00:00:00'),(1145,5,1,'Octave','4',3,'2016-11-01 11:20:08','0000-00-00 00:00:00'),(1146,5,1,'Rohrflöte','4',4,'2016-11-01 11:20:08','0000-00-00 00:00:00'),(1147,5,1,'Quinte','3',5,'2016-11-01 11:20:08','0000-00-00 00:00:00'),(1148,5,1,'Octave','2',6,'2016-11-01 11:20:08','0000-00-00 00:00:00'),(1149,5,1,'Mixtur 3fach','1 1/3',7,'2016-11-01 11:20:08','0000-00-00 00:00:00'),(1150,5,6,'Subbaß','16',8,'2016-11-01 11:20:08','0000-00-00 00:00:00'),(1151,6,1,'Hohlflöte','8',1,'2011-02-15 16:33:41','0000-00-00 00:00:00'),(1152,6,1,'Gedact','8',9,'2011-02-15 16:33:41','0000-00-00 00:00:00'),(1153,6,1,'Salicional','8',8,'2011-02-15 16:33:41','0000-00-00 00:00:00'),(1154,6,1,'Principal','4',7,'2011-02-15 16:33:41','0000-00-00 00:00:00'),(1155,6,1,'Gedactflöte','4',6,'2011-02-15 16:33:41','0000-00-00 00:00:00'),(1156,6,1,'Gemshorn','4',5,'2011-02-15 16:33:41','0000-00-00 00:00:00'),(1157,6,1,'Quinte','3',4,'2011-02-15 16:33:41','0000-00-00 00:00:00'),(1158,6,1,'Schwiegel','2',3,'2011-02-15 16:33:41','0000-00-00 00:00:00'),(1159,6,1,'Mixtur 3fach','1 1/3',2,'2011-02-15 16:33:41','0000-00-00 00:00:00'),(1160,6,6,'Subbaß','16',10,'2011-02-15 16:33:41','0000-00-00 00:00:00'),(1161,6,6,'Violonbaß','8',11,'2011-02-15 16:33:41','0000-00-00 00:00:00'),(1162,7,1,'Gedact','8',1,'2011-02-15 16:31:49','0000-00-00 00:00:00'),(1163,7,1,'Viola di Gamba','8',9,'2011-02-15 16:31:49','0000-00-00 00:00:00'),(1164,7,1,'Hohlflöte','8',8,'2011-02-15 16:31:49','0000-00-00 00:00:00'),(1165,7,1,'Principal','4',7,'2011-02-15 16:31:49','0000-00-00 00:00:00'),(1166,7,1,'Gemshorn','4',6,'2011-02-15 16:31:49','0000-00-00 00:00:00'),(1167,7,1,'Flöte','4',5,'2011-02-15 16:31:49','0000-00-00 00:00:00'),(1168,7,1,'Octave','2',4,'2011-02-15 16:31:49','0000-00-00 00:00:00'),(1169,7,1,'Flageolett','2',3,'2011-02-15 16:31:49','0000-00-00 00:00:00'),(1170,7,1,'Mixtur 3fach','1 1/3',2,'2011-02-15 16:31:49','0000-00-00 00:00:00'),(1171,7,6,'Subbaß','16',10,'2011-02-15 16:31:49','0000-00-00 00:00:00'),(1172,7,6,'Octavbaß','8',11,'2011-02-15 16:31:49','0000-00-00 00:00:00'),(1175,8,1,'Rohrflöte','4',0,'0000-00-00 00:00:00','0000-00-00 00:00:00'),(1176,8,1,'Blockflöte','2',0,'0000-00-00 00:00:00','0000-00-00 00:00:00'),(1177,8,1,'Scharff 3fach','1 1/3',0,'0000-00-00 00:00:00','0000-00-00 00:00:00'),(1178,8,2,'Gedact','8',0,'0000-00-00 00:00:00','0000-00-00 00:00:00'),(1179,8,2,'Nachthorn','4',0,'0000-00-00 00:00:00','0000-00-00 00:00:00'),(1180,8,2,'Principal','2',0,'0000-00-00 00:00:00','0000-00-00 00:00:00'),(1181,8,2,'Sifflöte','1',0,'0000-00-00 00:00:00','0000-00-00 00:00:00'),(1182,8,2,'Sesquialtera 3fach','3',0,'0000-00-00 00:00:00','0000-00-00 00:00:00'),(1183,8,6,'Subbaß','16',0,'0000-00-00 00:00:00','0000-00-00 00:00:00'),(1184,8,6,'Octavbaß','8',0,'0000-00-00 00:00:00','0000-00-00 00:00:00'),(1185,8,6,'Quintade','4',0,'0000-00-00 00:00:00','0000-00-00 00:00:00'),(1186,8,6,'Waldflöte','2',0,'0000-00-00 00:00:00','0000-00-00 00:00:00'),(1187,9,1,'Gedact','8',0,'0000-00-00 00:00:00','0000-00-00 00:00:00'),(1188,9,1,'Rohrflöte','4',0,'0000-00-00 00:00:00','0000-00-00 00:00:00'),(1189,9,1,'Principal','2',0,'0000-00-00 00:00:00','0000-00-00 00:00:00'),(1190,10,1,'Gedact','8',1,'2010-04-21 17:11:20','0000-00-00 00:00:00'),(1191,10,1,'Principal','4',2,'2010-04-21 17:11:20','0000-00-00 00:00:00'),(1192,10,1,'Nachthorn','2',3,'2010-04-21 17:11:20','0000-00-00 00:00:00'),(1193,10,1,'Mixtur 3-4fach','1 1/3',4,'2010-04-21 17:11:20','0000-00-00 00:00:00'),(1194,10,6,'Subbaß','16',5,'2010-04-21 17:11:20','0000-00-00 00:00:00'),(1195,11,1,'Principal','8',1,'2010-04-21 17:10:04','0000-00-00 00:00:00'),(1196,11,1,'Floute traverse','8',2,'2010-04-21 17:10:04','0000-00-00 00:00:00'),(1197,11,1,'Gedact','8',3,'2010-04-21 17:10:04','0000-00-00 00:00:00'),(1198,11,1,'Octave','4',4,'2010-04-21 17:10:04','0000-00-00 00:00:00'),(1199,11,1,'Flöte','4',5,'2010-04-21 17:10:04','0000-00-00 00:00:00'),(1200,11,1,'Octave','2',6,'2010-04-21 17:10:04','0000-00-00 00:00:00'),(1201,11,1,'Quinte','1 1/3',7,'2010-04-21 17:10:04','0000-00-00 00:00:00'),(1202,11,1,'Mixtur 4fach','1 1/3',8,'2010-04-21 17:10:04','0000-00-00 00:00:00'),(1203,11,6,'Subbaß','16',9,'2010-04-21 17:10:04','0000-00-00 00:00:00'),(1204,11,6,'Violonbaß','8',10,'2010-04-21 17:10:04','0000-00-00 00:00:00'),(1205,12,1,'Principal','8',1,'2011-02-09 16:55:30','0000-00-00 00:00:00'),(1206,12,1,'Hohlflöte','8',2,'2011-02-09 16:55:30','0000-00-00 00:00:00'),(1207,12,1,'Octave','4',3,'2011-02-09 16:55:30','0000-00-00 00:00:00'),(1208,12,1,'Blockflöte','4',4,'2011-02-09 16:55:30','0000-00-00 00:00:00'),(1209,12,1,'Flageolett','2',5,'2011-02-09 16:55:30','0000-00-00 00:00:00'),(1210,12,1,'Mixtur 3-4fach','1 1/3',6,'2011-02-09 16:55:30','0000-00-00 00:00:00'),(1211,12,2,'Spitzgamba','8',7,'2011-02-09 16:55:30','0000-00-00 00:00:00'),(1212,12,2,'Gedact','8',8,'2011-02-09 16:55:30','0000-00-00 00:00:00'),(1213,12,2,'Rohrflöte','4',9,'2011-02-09 16:55:30','0000-00-00 00:00:00'),(1214,12,2,'Nasat','3',10,'2011-02-09 16:55:30','0000-00-00 00:00:00'),(1215,12,2,'Principal','2',11,'2011-02-09 16:55:30','0000-00-00 00:00:00'),(1216,12,2,'Terz','1 3/5',12,'2011-02-09 16:55:30','0000-00-00 00:00:00'),(1217,12,2,'Scharff 2-3fach','1 1/3',13,'2011-02-09 16:55:30','0000-00-00 00:00:00'),(1218,12,6,'Subbaß','16',14,'2011-02-09 16:55:30','0000-00-00 00:00:00'),(1219,12,6,'Gemshorn','8',15,'2011-02-09 16:55:30','0000-00-00 00:00:00'),(1220,12,6,'Baßflöte','4',16,'2011-02-09 16:55:30','0000-00-00 00:00:00'),(1221,13,1,'Quintade','16',1,'2011-02-09 16:59:38','0000-00-00 00:00:00'),(1222,13,1,'Principal','8',2,'2011-02-09 16:59:38','0000-00-00 00:00:00'),(1223,13,1,'Rohrflöte','8',3,'2011-02-09 16:59:38','0000-00-00 00:00:00'),(1224,13,1,'Octave','4',4,'2011-02-09 16:59:38','0000-00-00 00:00:00'),(1225,13,1,'Flöte','4',5,'2011-02-09 16:59:38','0000-00-00 00:00:00'),(1226,13,1,'Sesquialtera 2fach','3',6,'2011-02-09 16:59:38','0000-00-00 00:00:00'),(1227,13,1,'Holzflöte','2',7,'2011-02-09 16:59:38','0000-00-00 00:00:00'),(1228,13,1,'Mixtur 5fach','1 1/3',8,'2011-02-09 16:59:38','0000-00-00 00:00:00'),(1229,13,2,'Gedact','8',9,'2011-02-09 16:59:38','0000-00-00 00:00:00'),(1230,13,2,'Principal','4',10,'2011-02-09 16:59:38','0000-00-00 00:00:00'),(1231,13,2,'Gemshorn','4',11,'2011-02-09 16:59:38','0000-00-00 00:00:00'),(1232,13,2,'Octave','2',12,'2011-02-09 16:59:38','0000-00-00 00:00:00'),(1233,13,2,'Quinte','1 1/3',13,'2011-02-09 16:59:38','0000-00-00 00:00:00'),(1234,13,2,'Zimbel 3fach','1',14,'2011-02-09 16:59:38','0000-00-00 00:00:00'),(1235,13,2,'Rohrschalmey','8',15,'2011-02-09 16:59:38','0000-00-00 00:00:00'),(1236,13,6,'Subbaß','16',16,'2011-02-09 16:59:38','0000-00-00 00:00:00'),(1237,13,6,'Octavbaß','8',17,'2011-02-09 16:59:38','0000-00-00 00:00:00'),(1238,13,6,'Choralbaß','4',18,'2011-02-09 16:59:38','0000-00-00 00:00:00'),(1239,13,6,'Rauschwerk 4fach','3',19,'2011-02-09 16:59:38','0000-00-00 00:00:00'),(1240,13,6,'Fagott','16',20,'2011-02-09 16:59:38','0000-00-00 00:00:00'),(1241,14,1,'Bordun','16',0,'0000-00-00 00:00:00','0000-00-00 00:00:00'),(1242,14,1,'Principal','8',0,'0000-00-00 00:00:00','0000-00-00 00:00:00'),(1243,14,1,'Gamba','8',0,'0000-00-00 00:00:00','0000-00-00 00:00:00'),(1244,14,1,'Doppelflöte','8',0,'0000-00-00 00:00:00','0000-00-00 00:00:00'),(1245,14,1,'Octave','4',0,'0000-00-00 00:00:00','0000-00-00 00:00:00'),(1246,14,1,'Mixtur.Cornett 3-4fach','2',0,'0000-00-00 00:00:00','0000-00-00 00:00:00'),(1247,14,2,'Lieblich Gedackt','8',0,'0000-00-00 00:00:00','0000-00-00 00:00:00'),(1248,14,2,'Salicional','8',0,'0000-00-00 00:00:00','0000-00-00 00:00:00'),(1249,14,2,'Aeoline','8',0,'0000-00-00 00:00:00','0000-00-00 00:00:00'),(1250,14,2,'Vox coeleste','8',0,'0000-00-00 00:00:00','0000-00-00 00:00:00'),(1251,14,2,'Flute Traverse','4',0,'0000-00-00 00:00:00','0000-00-00 00:00:00'),(1252,14,6,'Subbaß','16',0,'0000-00-00 00:00:00','0000-00-00 00:00:00'),(1253,14,6,'Violon','8',0,'0000-00-00 00:00:00','0000-00-00 00:00:00'),(1254,15,1,'Gedact','8',0,'0000-00-00 00:00:00','0000-00-00 00:00:00'),(1255,15,1,'Salicional','8',0,'0000-00-00 00:00:00','0000-00-00 00:00:00'),(1256,15,1,'Principal','4',0,'0000-00-00 00:00:00','0000-00-00 00:00:00'),(1257,15,1,'Blockflöte','2',0,'0000-00-00 00:00:00','0000-00-00 00:00:00'),(1258,15,6,'Subbaß','16',0,'0000-00-00 00:00:00','0000-00-00 00:00:00'),(1259,16,1,'Gedact','8',1,'2011-05-12 15:37:05','0000-00-00 00:00:00'),(1260,16,1,'Rohrflöte','4',2,'2011-05-12 15:37:05','0000-00-00 00:00:00'),(1261,16,1,'Principal','2',3,'2011-05-12 15:37:05','0000-00-00 00:00:00'),(1262,16,1,'Quinte','1 1/3',4,'2011-05-12 15:37:05','0000-00-00 00:00:00'),(1263,17,1,'Gedact','8',1,'2011-05-12 16:13:32','0000-00-00 00:00:00'),(1264,17,1,'Rohrflöte','4',2,'2011-05-12 16:13:32','0000-00-00 00:00:00'),(1265,17,1,'Principal','2',3,'2011-05-12 16:13:32','0000-00-00 00:00:00'),(1266,17,1,'Quinte','1 1/3',4,'2011-05-12 16:13:32','0000-00-00 00:00:00'),(1267,17,6,'angehängt','/',5,'2011-05-12 16:13:32','0000-00-00 00:00:00'),(1268,18,1,'Gedact','8',1,'2011-05-12 16:26:54','0000-00-00 00:00:00'),(1269,18,1,'Principal','4',2,'2011-05-12 16:26:54','0000-00-00 00:00:00'),(1270,18,1,'Blockflöte','2',3,'2011-05-12 16:26:54','0000-00-00 00:00:00'),(1271,18,1,'Mixtur 3fach','1 1/3',4,'2011-05-12 16:26:54','0000-00-00 00:00:00'),(1272,18,2,'Rohrflöte','8',5,'2011-05-12 16:26:54','0000-00-00 00:00:00'),(1273,18,2,'Spitzflöte','4',6,'2011-05-12 16:26:54','0000-00-00 00:00:00'),(1274,18,2,'Principal','2',7,'2011-05-12 16:26:54','0000-00-00 00:00:00'),(1275,18,2,'Quinte','1 1/3',8,'2011-05-12 16:26:54','0000-00-00 00:00:00'),(1276,18,6,'Subbaß','16',9,'2011-05-12 16:26:54','0000-00-00 00:00:00'),(1277,19,1,'Bordun','16',1,'2011-02-03 08:44:50','0000-00-00 00:00:00'),(1278,19,1,'Principal','8',2,'2011-02-03 08:44:50','0000-00-00 00:00:00'),(1279,19,1,'Viola di Gamba','8',3,'2011-02-03 08:44:50','0000-00-00 00:00:00'),(1280,19,1,'Gedact','8',4,'2011-02-03 08:44:50','0000-00-00 00:00:00'),(1281,19,1,'Octave','4',5,'2011-02-03 08:44:50','0000-00-00 00:00:00'),(1282,19,1,'Quinte','3',7,'2011-02-03 08:44:50','0000-00-00 00:00:00'),(1283,19,1,'Octave','2',8,'2011-02-03 08:44:50','0000-00-00 00:00:00'),(1284,19,1,'Flauto minor','4',6,'2011-02-03 08:44:50','0000-00-00 00:00:00'),(1285,19,1,'Mixtur 4fach','2',9,'2011-02-03 08:44:50','0000-00-00 00:00:00'),(1286,19,2,'Gedact','8',10,'2011-02-03 08:44:50','0000-00-00 00:00:00'),(1287,19,2,'Salicional','8',11,'2011-02-03 08:44:50','0000-00-00 00:00:00'),(1288,19,2,'Flouto dolce','4',12,'2011-02-03 08:44:50','0000-00-00 00:00:00'),(1289,19,2,'Feldflöte','2',13,'2011-02-03 08:44:50','0000-00-00 00:00:00'),(1290,19,6,'Subbaß','16',14,'2011-02-03 08:44:50','0000-00-00 00:00:00'),(1291,19,6,'Violon','8',15,'2011-02-03 08:44:50','0000-00-00 00:00:00'),(1292,19,6,'Octave','4',16,'2011-02-03 08:44:50','0000-00-00 00:00:00'),(1293,20,1,'Gedact','8',0,'0000-00-00 00:00:00','0000-00-00 00:00:00'),(1294,20,1,'Principal','4',0,'0000-00-00 00:00:00','0000-00-00 00:00:00'),(1295,20,1,'Rohrflöte','4',0,'0000-00-00 00:00:00','0000-00-00 00:00:00'),(1296,20,1,'Octave','2',0,'0000-00-00 00:00:00','0000-00-00 00:00:00'),(1297,20,1,'Quinte','1 1/3',0,'0000-00-00 00:00:00','0000-00-00 00:00:00'),(1298,20,1,'Mixtur 3fach','1 1/3',0,'0000-00-00 00:00:00','0000-00-00 00:00:00'),(1299,20,6,'Subbaß','16',0,'0000-00-00 00:00:00','0000-00-00 00:00:00'),(1300,21,1,'Gedact','8',1,'2013-06-13 14:05:30','0000-00-00 00:00:00'),(1301,21,1,'Rohrflöte','4',2,'2013-06-13 14:05:30','0000-00-00 00:00:00'),(1302,21,1,'Principal','2',3,'2013-06-13 14:05:30','0000-00-00 00:00:00'),(1303,21,1,'Sesquialtera','2 2/3',5,'2013-06-13 14:05:30','0000-00-00 00:00:00'),(1304,22,1,'Principal','8',0,'0000-00-00 00:00:00','0000-00-00 00:00:00'),(1305,22,1,'Hohlflöte','8',0,'2007-10-02 15:58:42','0000-00-00 00:00:00'),(1306,22,1,'Octave','4',0,'0000-00-00 00:00:00','0000-00-00 00:00:00'),(1307,22,1,'Metallgedact','4',0,'2007-10-02 15:58:50','0000-00-00 00:00:00'),(1308,22,1,'Waldflöte','2',0,'0000-00-00 00:00:00','0000-00-00 00:00:00'),(1309,22,1,'Mixtur 4f','1 1/3',0,'0000-00-00 00:00:00','0000-00-00 00:00:00'),(1310,22,2,'Holzgedact','8',0,'0000-00-00 00:00:00','0000-00-00 00:00:00'),(1311,22,2,'Gamba','8',0,'0000-00-00 00:00:00','0000-00-00 00:00:00'),(1312,22,2,'Flöte','4',0,'0000-00-00 00:00:00','0000-00-00 00:00:00'),(1313,22,2,'Octave','2',0,'0000-00-00 00:00:00','0000-00-00 00:00:00'),(1314,22,2,'Sesquialtera 2fach','3',0,'2007-10-02 15:59:02','0000-00-00 00:00:00'),(1315,22,6,'Subbaß','16',0,'0000-00-00 00:00:00','0000-00-00 00:00:00'),(1316,22,6,'Holzprincipal','8',0,'0000-00-00 00:00:00','0000-00-00 00:00:00'),(1317,22,6,'Gedact','8',0,'0000-00-00 00:00:00','0000-00-00 00:00:00'),(1318,22,6,'Holzprincipal','4',0,'0000-00-00 00:00:00','0000-00-00 00:00:00'),(1319,23,1,'Gedact','8',1,'2011-01-31 15:43:36','0000-00-00 00:00:00'),(1320,23,1,'Principal','4',2,'2011-01-31 15:43:36','0000-00-00 00:00:00'),(1321,23,1,'Rohrflöte','4',3,'2011-01-31 15:43:36','0000-00-00 00:00:00'),(1322,23,1,'Octave','2',4,'2011-01-31 15:43:36','0000-00-00 00:00:00'),(1323,23,1,'Waldflöte','2',5,'2011-01-31 15:43:36','0000-00-00 00:00:00'),(1324,23,1,'Quinte','1 1/3',6,'2011-01-31 15:43:36','0000-00-00 00:00:00'),(1325,23,1,'Mixtur 3fach','1 1/3',7,'2011-01-31 15:43:36','0000-00-00 00:00:00'),(1326,23,6,'Subbaß','16',8,'2011-01-31 15:43:36','0000-00-00 00:00:00'),(1327,24,1,'Gedact','8',1,'2011-02-15 16:44:02','0000-00-00 00:00:00'),(1328,24,1,'Principal','4',2,'2011-02-15 16:44:02','0000-00-00 00:00:00'),(1329,24,1,'Rohrflöte','4',3,'2011-02-15 16:44:02','0000-00-00 00:00:00'),(1330,24,1,'Mixtur 3fach','1 1/3',4,'2011-02-15 16:44:02','0000-00-00 00:00:00'),(1331,24,2,'Quintade','8',5,'2011-02-15 16:44:02','0000-00-00 00:00:00'),(1332,24,2,'Flöte','4',6,'2011-02-15 16:44:02','0000-00-00 00:00:00'),(1333,24,2,'Principal','2',7,'2011-02-15 16:44:02','0000-00-00 00:00:00'),(1334,24,2,'Quinte','1 1/3',8,'2011-02-15 16:44:02','0000-00-00 00:00:00'),(1335,24,6,'Subbaß','16',9,'2011-02-15 16:44:02','0000-00-00 00:00:00'),(1336,24,6,'Octavbaß','8',10,'2011-02-15 16:44:02','0000-00-00 00:00:00'),(1337,25,1,'Principal','8',1,'2011-02-15 16:45:40','0000-00-00 00:00:00'),(1338,25,1,'Holzflöte','8',2,'2011-02-15 16:45:40','0000-00-00 00:00:00'),(1339,25,1,'Octave','4',3,'2011-02-15 16:45:40','0000-00-00 00:00:00'),(1340,25,1,'Flöte','4',4,'2011-02-15 16:45:40','0000-00-00 00:00:00'),(1341,25,1,'Quinte','3',5,'2011-02-15 16:45:40','0000-00-00 00:00:00'),(1342,25,1,'Octave','2',6,'2011-02-15 16:45:40','0000-00-00 00:00:00'),(1343,25,1,'Mixtur 3fach','1 1/3',7,'2011-02-15 16:45:40','0000-00-00 00:00:00'),(1344,25,2,'Lieblich Gedackt','8',8,'2011-02-15 16:45:40','0000-00-00 00:00:00'),(1345,25,2,'Principal','4',9,'2011-02-15 16:45:40','0000-00-00 00:00:00'),(1346,25,2,'Flöte','2',10,'2011-02-15 16:45:40','0000-00-00 00:00:00'),(1347,25,2,'Scharff 2-3fach','1',11,'2011-02-15 16:45:40','0000-00-00 00:00:00'),(1348,25,6,'Subbaß','16',12,'2011-02-15 16:45:40','0000-00-00 00:00:00'),(1349,25,6,'Octavbaß','8',13,'2011-02-15 16:45:40','0000-00-00 00:00:00'),(1350,25,6,'Choralbaß','4',14,'2011-02-15 16:45:40','0000-00-00 00:00:00'),(1351,26,1,'Principalflöte','8',1,'2011-07-29 11:38:42','0000-00-00 00:00:00'),(1352,26,1,'Gedact','8',2,'2011-07-29 11:38:42','0000-00-00 00:00:00'),(1353,26,1,'Gamba','8',3,'2011-07-29 11:38:42','0000-00-00 00:00:00'),(1354,26,1,'Principal','4',4,'2011-07-29 11:38:42','0000-00-00 00:00:00'),(1355,26,1,'Flöte','4',5,'2011-07-29 11:38:42','0000-00-00 00:00:00'),(1356,26,1,'Quinte','3',6,'2011-07-29 11:38:42','0000-00-00 00:00:00'),(1357,26,1,'Octave','2',7,'2011-07-29 11:38:42','0000-00-00 00:00:00'),(1358,26,1,'Terz','1 3/5',8,'2011-07-29 11:38:42','0000-00-00 00:00:00'),(1359,26,1,'Mixtur 3fach','1 1/3',9,'2011-07-29 11:38:42','0000-00-00 00:00:00'),(1360,26,6,'Subbaß','16',10,'2011-07-29 11:38:42','0000-00-00 00:00:00'),(1361,26,6,'Octavbaß','8',11,'2011-07-29 11:38:42','0000-00-00 00:00:00'),(1362,26,6,'Choralbaß','4',12,'2011-07-29 11:38:42','0000-00-00 00:00:00'),(1363,26,6,'Rauschwerk 3fach','3',13,'2011-07-29 11:38:42','0000-00-00 00:00:00'),(1364,27,1,'Gedact','8',0,'0000-00-00 00:00:00','0000-00-00 00:00:00'),(1365,27,1,'Principal','4',0,'0000-00-00 00:00:00','0000-00-00 00:00:00'),(1366,27,1,'Rohrflöte','4',0,'0000-00-00 00:00:00','0000-00-00 00:00:00'),(1367,27,1,'Schwiegel','2',0,'0000-00-00 00:00:00','0000-00-00 00:00:00'),(1368,27,1,'Nasat','1 1/3',0,'0000-00-00 00:00:00','0000-00-00 00:00:00'),(1369,27,1,'Mixtur 3fach','1 1/3',0,'0000-00-00 00:00:00','0000-00-00 00:00:00'),(1370,27,6,'Subbaß','16',0,'0000-00-00 00:00:00','0000-00-00 00:00:00'),(3655,2,1,'Gedact','8',2,'2007-05-16 11:02:53','2007-05-16 11:02:53'),(3658,2,2,'Salicional','8',7,'2007-05-16 11:04:14','2007-05-16 11:04:14'),(3653,2,1,'Principal','8',1,'2007-05-16 11:02:21','2007-05-16 11:02:21'),(1377,29,1,'Gedact','4',0,'0000-00-00 00:00:00','0000-00-00 00:00:00'),(1378,29,1,'Quinte','1 1/3',0,'0000-00-00 00:00:00','0000-00-00 00:00:00'),(1379,29,2,'Gedact','8',0,'0000-00-00 00:00:00','0000-00-00 00:00:00'),(1380,29,2,'Rohrflöte','6',0,'0000-00-00 00:00:00','0000-00-00 00:00:00'),(1381,29,2,'Principal','2',0,'0000-00-00 00:00:00','0000-00-00 00:00:00'),(1382,29,6,'Subbaß','16',0,'0000-00-00 00:00:00','0000-00-00 00:00:00'),(1383,30,1,'Gedact','8',0,'0000-00-00 00:00:00','0000-00-00 00:00:00'),(1384,30,1,'Rohrflöte','4',0,'0000-00-00 00:00:00','0000-00-00 00:00:00'),(1385,30,1,'Principal','2',0,'0000-00-00 00:00:00','0000-00-00 00:00:00'),(1386,30,1,'Quinte','1 1/3',0,'0000-00-00 00:00:00','0000-00-00 00:00:00'),(1387,31,1,'Rohrflöte','8',1,'2011-08-01 10:03:13','0000-00-00 00:00:00'),(1388,31,1,'Principal','4',2,'2011-08-01 10:03:13','0000-00-00 00:00:00'),(1389,31,1,'Gedact','4',3,'2011-08-01 10:03:13','0000-00-00 00:00:00'),(1390,31,1,'Nasat','3',4,'2011-08-01 10:03:13','0000-00-00 00:00:00'),(1391,31,1,'Waldflöte','2',5,'2011-08-01 10:03:13','0000-00-00 00:00:00'),(1392,31,1,'Mixtur 4fach','1 1/3',6,'2011-08-01 10:03:13','0000-00-00 00:00:00'),(1393,31,2,'Holzgedackt','8',7,'2011-08-01 10:03:13','0000-00-00 00:00:00'),(1394,31,2,'Spillflöte','4',8,'2011-08-01 10:03:13','0000-00-00 00:00:00'),(1395,31,2,'Principal','2',9,'2011-08-01 10:03:13','0000-00-00 00:00:00'),(1396,31,2,'Sesquialtera 2fach','3',10,'2011-08-01 10:03:13','0000-00-00 00:00:00'),(1397,31,6,'Subbaß','16',11,'2011-08-01 10:03:13','0000-00-00 00:00:00'),(1398,31,6,'Principal','8',12,'2011-08-01 10:03:13','0000-00-00 00:00:00'),(1399,31,6,'Octave','4',13,'2011-08-01 10:03:13','0000-00-00 00:00:00'),(1400,32,2,'Bordun','16',11,'2016-10-17 16:07:34','0000-00-00 00:00:00'),(1401,32,2,'Principal','8',12,'2016-10-17 16:07:34','0000-00-00 00:00:00'),(1402,32,2,'Bifaria ab Gs','8',13,'2016-10-17 16:07:34','0000-00-00 00:00:00'),(1403,32,2,'Holzflöte','8',14,'2016-10-17 16:07:34','0000-00-00 00:00:00'),(1404,32,2,'Octave','4',15,'2016-10-17 16:07:34','0000-00-00 00:00:00'),(1405,32,2,'Nachthorn','4',16,'2016-10-17 16:07:34','0000-00-00 00:00:00'),(1406,32,2,'Quinte','3',17,'2016-10-17 16:07:34','0000-00-00 00:00:00'),(1407,32,2,'Superoctave','2',18,'2016-10-17 16:07:34','0000-00-00 00:00:00'),(1408,32,2,'Cornett 5fach ab e°','8',19,'2016-10-17 16:07:34','0000-00-00 00:00:00'),(1409,32,2,'Mixtur 5fach','1 1/3',20,'2016-10-17 16:07:34','0000-00-00 00:00:00'),(1410,32,1,'Rohrflöte','8',1,'2016-10-17 16:07:34','0000-00-00 00:00:00'),(1411,32,1,'Quintade','8',2,'2016-10-17 16:07:34','0000-00-00 00:00:00'),(1412,32,1,'Principal','4',3,'2016-10-17 16:07:34','0000-00-00 00:00:00'),(1413,32,1,'Blockflöte','4',4,'2016-10-17 16:07:34','0000-00-00 00:00:00'),(1414,32,1,'Octave','2',5,'2016-10-17 16:07:34','0000-00-00 00:00:00'),(1415,32,1,'Larigot','1 1/3',6,'2016-10-17 16:07:34','0000-00-00 00:00:00'),(1416,32,1,'Sesquialtera 2fach','3',7,'2016-10-17 16:07:34','0000-00-00 00:00:00'),(1417,32,1,'Scharff 4fach','1',8,'2016-10-17 16:07:34','0000-00-00 00:00:00'),(1418,32,1,'Dulcian','16',9,'2016-10-17 16:07:34','0000-00-00 00:00:00'),(1419,32,1,'Cromorne','8',10,'2016-10-17 16:07:34','0000-00-00 00:00:00'),(1420,32,3,'Gedact','8',21,'2016-10-17 16:07:34','0000-00-00 00:00:00'),(1421,32,3,'Gamba','8',22,'2016-10-17 16:07:34','0000-00-00 00:00:00'),(1422,32,3,'Prästant','4',23,'2016-10-17 16:07:34','0000-00-00 00:00:00'),(1423,32,3,'Rohrflöte','4',24,'2016-10-17 16:07:34','0000-00-00 00:00:00'),(1424,32,3,'Nasard','3',25,'2016-10-17 16:07:34','0000-00-00 00:00:00'),(1425,32,3,'Principal','2',26,'2016-10-17 16:07:34','0000-00-00 00:00:00'),(1426,32,3,'Waldflöte','2',27,'2016-10-17 16:07:34','0000-00-00 00:00:00'),(1427,32,3,'Terz','1 3/5',28,'2016-10-17 16:07:34','0000-00-00 00:00:00'),(1428,32,3,'Sifflet','1',29,'2016-10-17 16:07:34','0000-00-00 00:00:00'),(1429,32,3,'Cymbel 3fach','1/2',30,'2016-10-17 16:07:34','0000-00-00 00:00:00'),(1430,32,3,'Vox humana','8',32,'2016-10-17 16:07:34','0000-00-00 00:00:00'),(1431,32,3,'Glöckchen c°-d','/',31,'2016-10-17 16:07:34','0000-00-00 00:00:00'),(1432,32,6,'Principal','16',33,'2016-10-17 16:07:34','0000-00-00 00:00:00'),(1433,32,6,'Subbaß','16',34,'2016-10-17 16:07:34','0000-00-00 00:00:00'),(1434,32,6,'Octave','8',35,'2016-10-17 16:07:34','0000-00-00 00:00:00'),(1435,32,6,'Superoctave','4',36,'2016-10-17 16:07:34','0000-00-00 00:00:00'),(1436,32,6,'Rauschpfeife 4fach','3',37,'2016-10-17 16:07:34','0000-00-00 00:00:00'),(1437,32,6,'Posaune','16',38,'2016-10-17 16:07:34','0000-00-00 00:00:00'),(1438,32,6,'Holztrompete','8',39,'2016-10-17 16:07:34','0000-00-00 00:00:00'),(1439,32,6,'Schalmey','4',40,'2016-10-17 16:07:34','0000-00-00 00:00:00'),(1440,33,1,'Bordun','16',1,'2011-05-12 16:51:30','0000-00-00 00:00:00'),(1441,33,1,'Principal','8',2,'2011-05-12 16:51:30','0000-00-00 00:00:00'),(1442,33,1,'Hohlflöte','8',3,'2011-05-12 16:51:30','0000-00-00 00:00:00'),(1443,33,1,'Octave','4',4,'2011-05-12 16:51:30','0000-00-00 00:00:00'),(1444,33,1,'Gemshorn','4',5,'2011-05-12 16:51:30','0000-00-00 00:00:00'),(1445,33,1,'Quinte','3',6,'2011-05-12 16:51:30','0000-00-00 00:00:00'),(1446,33,1,'Octave','2',7,'2011-05-12 16:51:30','0000-00-00 00:00:00'),(1447,33,1,'Mixtur 5fach','1 1/3',8,'2011-05-12 16:51:30','0000-00-00 00:00:00'),(1448,33,2,'Gedact','8',10,'2011-05-12 16:51:30','0000-00-00 00:00:00'),(1449,33,2,'Gamba','8',9,'2011-05-12 16:51:30','0000-00-00 00:00:00'),(1450,33,2,'Principal','4',11,'2011-05-12 16:51:30','0000-00-00 00:00:00'),(1451,33,2,'Hohlflöte','4',12,'2011-05-12 16:51:30','0000-00-00 00:00:00'),(1452,33,2,'Spitzflöte','2',13,'2011-05-12 16:51:30','0000-00-00 00:00:00'),(1453,33,2,'Quinte','1 1/3',14,'2011-05-12 16:51:30','0000-00-00 00:00:00'),(1454,33,2,'Zimbel 3fach','1/2',15,'2011-05-12 16:51:30','0000-00-00 00:00:00'),(1455,33,2,'Engl. Horn','8',16,'2011-05-12 16:51:30','0000-00-00 00:00:00'),(1456,33,6,'Subbaß','16',17,'2011-05-12 16:51:30','0000-00-00 00:00:00'),(1457,33,6,'Offenbaß','8',18,'2011-05-12 16:51:30','0000-00-00 00:00:00'),(1458,33,6,'Octavbaß','4',19,'2011-05-12 16:51:30','0000-00-00 00:00:00'),(1459,33,6,'Mixtur 4f','2',20,'2011-05-12 16:51:30','0000-00-00 00:00:00'),(1460,33,6,'Posaune','16',21,'2011-05-12 16:51:30','0000-00-00 00:00:00'),(1461,34,1,'Principal','8',1,'2013-06-09 16:51:47','0000-00-00 00:00:00'),(1462,34,1,'Gedact','8',2,'2013-06-09 16:51:47','0000-00-00 00:00:00'),(1463,34,1,'Rohrflöte','8',3,'2013-06-09 16:51:47','0000-00-00 00:00:00'),(1464,34,1,'Octave','4',4,'2013-06-09 16:51:47','0000-00-00 00:00:00'),(1465,34,1,'Flöte','4',5,'2013-06-09 16:51:47','0000-00-00 00:00:00'),(1466,34,1,'Nasat','3',6,'2013-06-09 16:51:47','0000-00-00 00:00:00'),(1467,34,1,'Waldflöte','2',7,'2013-06-09 16:51:47','0000-00-00 00:00:00'),(1468,34,1,'Terz','1 3/5',8,'2013-06-09 16:51:47','0000-00-00 00:00:00'),(1469,34,1,'Mixtur 4fach','1 1/3',9,'2013-06-09 16:51:47','0000-00-00 00:00:00'),(5816,34,2,'Wechselschleife','/',0,'2013-06-09 16:51:47','2011-01-31 13:32:04'),(1471,34,6,'Subbaß','16',10,'2013-06-09 16:51:47','0000-00-00 00:00:00'),(1472,34,6,'Violon','8',11,'2013-06-09 16:51:47','0000-00-00 00:00:00'),(5817,0,0,'','',0,'2016-11-01 11:20:08','2016-11-01 11:20:08'),(5818,3,6,'Flöte','4',25,'2016-11-12 10:18:38','2016-11-11 22:16:25'),(5828,3,1,'Gemshorn','4',6,'2016-11-12 11:59:11','2016-11-12 11:59:11'),(5820,0,0,'','',0,'2016-11-11 22:17:29','2016-11-11 22:17:29'),(5823,0,0,'','',0,'2016-11-11 22:33:51','2016-11-11 22:33:51'),(5827,0,0,'','',0,'2016-11-12 10:18:38','2016-11-12 10:18:38'),(5829,2,2,'Flöte','4',9,'2016-11-12 16:08:26','2016-11-12 16:08:26'),(5830,2,6,'Quinte','1',16,'2016-11-12 16:08:43','2016-11-12 16:08:43'),(5831,2,1,'Choralbaß','4',3,'2016-11-12 16:24:52','2016-11-12 16:24:52'),(5834,35,1,'Principal','4',0,'2016-11-20 17:26:22','2016-11-20 17:26:22'),(5833,35,1,'Rohrflöte','8',1,'2016-11-20 17:25:00','2016-11-20 17:25:00'),(5835,35,1,'Kleingedeckt','4',2,'2016-11-20 17:26:44','2016-11-20 17:26:44'),(5836,35,1,'Superoktav','2',3,'2016-11-20 17:27:02','2016-11-20 17:27:02'),(5837,35,1,'Mixtur 5fach','1 1/3',4,'2016-11-20 17:27:19','2016-11-20 17:27:19'),(5838,35,1,'Trompete','8',5,'2016-11-20 17:27:33','2016-11-20 17:27:33'),(5839,35,2,'Gedackt','8',6,'2016-11-20 17:28:08','2016-11-20 17:28:08'),(5840,35,2,'Koppelflöte','4',7,'2016-11-20 17:28:25','2016-11-20 17:28:25'),(5841,35,2,'Principal','2',8,'2016-11-20 17:28:49','2016-11-20 17:28:49'),(5842,35,2,'Sesquialtera 2fach','2 2/3',9,'2016-11-20 17:29:12','2016-11-20 17:29:12'),(5843,35,2,'Scharf 4fach','1',10,'2016-11-20 17:29:44','2016-11-20 17:29:44'),(5844,35,6,'Subbaß','16',0,'2016-11-20 17:30:47','2016-11-20 17:30:47'),(5845,35,6,'Oktavbaß','8',0,'2016-11-20 17:31:12','2016-11-20 17:31:12'),(5846,35,6,'Choralbaß','4',0,'2016-11-20 17:31:26','2016-11-20 17:31:26'),(5847,35,6,'Posaune','16',0,'2016-11-20 17:31:37','2016-11-20 17:31:37'),(5848,36,1,'Rohrflöte','8',0,'2016-11-21 15:08:50','2016-11-21 15:08:50'),(5849,36,1,'Principal','4',1,'2016-11-21 15:08:56','2016-11-21 15:08:56'),(5850,36,1,'Flöte','4',2,'2016-11-21 15:09:29','2016-11-21 15:09:29'),(5851,36,1,'Koppelflöte','4',3,'2016-11-21 15:09:47','2016-11-21 15:09:47'),(5852,36,2,'Octave','4',4,'2016-11-26 09:18:44','2016-11-26 09:18:44'),(5853,36,6,'Octavbaß','8',6,'2016-11-26 09:20:45','2016-11-26 09:19:47'),(5854,36,6,'Subbaß','16',5,'2016-11-26 09:20:00','2016-11-26 09:20:00'),(5856,4,6,'Mixtur 3fach','1',0,'2016-11-27 11:11:02','2016-11-27 11:11:02'),(5857,5,6,'Octavba','8',0,'2017-01-27 17:57:50','2017-01-27 17:57:50'),(5858,40,1,'Principal','16',0,'2018-07-20 13:00:26','2018-07-20 13:00:26'),(5859,40,1,'Principal','8',0,'2018-07-20 13:00:37','2018-07-20 13:00:37'),(5860,40,1,'Gedackt','8',0,'2018-07-20 13:00:48','2018-07-20 13:00:48'),(5861,40,1,'Octave','4',0,'2018-07-20 13:01:00','2018-07-20 13:01:00'),(5862,40,1,'Rohrflöte','4',0,'2018-07-20 13:01:14','2018-07-20 13:01:14'),(5863,40,1,'Quinte','2 2/3',0,'2018-07-20 13:01:42','2018-07-20 13:01:42'),(5864,40,1,'Flautino','2',0,'2018-07-20 13:01:57','2018-07-20 13:01:57'),(5865,40,1,'Mixtur 6fach','/',0,'2018-07-20 13:02:28','2018-07-20 13:02:28'),(5866,40,1,'Trompete','8',0,'2018-07-20 13:02:38','2018-07-20 13:02:38'),(5867,40,6,'Subba','16',0,'2018-07-20 13:02:59','2018-07-20 13:02:59'),(5868,40,3,'Gamba','8',0,'2018-07-20 13:03:15','2018-07-20 13:03:15'),(5869,40,2,'Fl','4',0,'2018-07-20 13:03:24','2018-07-20 13:03:24');
/*!40000 ALTER TABLE `disposition` ENABLE KEYS */;
UNLOCK TABLES;

--
-- Table structure for table `gemeinde`
--

DROP TABLE IF EXISTS `gemeinde`;
/*!40101 SET @saved_cs_client     = @@character_set_client */;
/*!40101 SET character_set_client = utf8 */;
CREATE TABLE `gemeinde` (
  `g_id` int(10) NOT NULL AUTO_INCREMENT,
  `k_id` int(3) NOT NULL,
  `g_kirche` varchar(100) NOT NULL,
  `g_kirche_aid` int(11) NOT NULL,
  `g_ranschrift` varchar(100) NOT NULL,
  `g_rechnung_aid` int(11) NOT NULL,
  `g_rgemeinde` varchar(100) NOT NULL,
  `b_id` int(10) NOT NULL,
  `b_distanz` int(10) NOT NULL,
  `b_fahrzeit` varchar(10) NOT NULL,
  `g_aktiv` varchar(1) NOT NULL DEFAULT '1',
  `a_hauptid` varchar(5) NOT NULL,
  `g_lastchange` datetime NOT NULL,
  `g_createdate` datetime NOT NULL,
  PRIMARY KEY (`g_id`),
  KEY `g_kirche_aid` (`g_kirche_aid`),
  KEY `g_rechnung_aid` (`g_rechnung_aid`)
) ENGINE=MyISAM AUTO_INCREMENT=43 DEFAULT CHARSET=utf8;
/*!40101 SET character_set_client = @saved_cs_client */;

--
-- Dumping data for table `gemeinde`
--

LOCK TABLES `gemeinde` WRITE;
/*!40000 ALTER TABLE `gemeinde` DISABLE KEYS */;
INSERT INTO `gemeinde` (`g_id`, `k_id`, `g_kirche`, `g_kirche_aid`, `g_ranschrift`, `g_rechnung_aid`, `g_rgemeinde`, `b_id`, `b_distanz`, `b_fahrzeit`, `g_aktiv`, `a_hauptid`, `g_lastchange`, `g_createdate`) VALUES (1,2,'Heilige Familie St. Stephanus',3,'',4,'',1,6,'0.12','1','2','2011-11-24 09:39:58','2011-11-24 09:39:09'),(2,2,'Aachener Dom',5,'amt 2',6,'laafeld',7,305,'1,2','1','2','2019-01-15 09:30:57','2016-10-31 17:57:53'),(3,2,'Kölner Dom',7,'Kirchengemeinde',8,'Kölner Dom',5,234,'2.6','1','2','2016-11-12 11:58:26','2016-10-31 18:00:20'),(4,2,'Paderborner Dom',9,'Kirchengemeinde',10,'Paderborner Dom',3,52,'0.8','1','2','2016-11-27 11:10:28','2016-10-31 18:03:55'),(5,2,'Dom St. Peter',11,'Kirchengemeinde',12,'Dom St. Peter',4,149,'2','1','2','2017-01-27 17:57:03','2016-10-31 18:05:33'),(6,2,'Dom Mariae Heimsuchung',13,'Kirchengemeinde',14,'Dom Mariae Heimsuchung',8,516,'5','1','2','2016-11-01 11:03:23','2016-10-31 18:11:27'),(7,2,'Bamberger Dom',15,'Kirchengemeinde',16,'Bamberger Dom',9,319,'3.4','1','2','2018-02-25 16:40:48','2016-10-31 18:24:49'),(8,2,'Petri-Dom',17,'Kirchengemeinde',18,'Petri-Dom',0,438,'4.4','1','2','2016-11-01 10:16:45','2016-11-01 10:16:32'),(9,2,'Johannes-Basilika',19,'Kirchengemeinde',20,'Johannes-Basilika',1,366,'4','1','2','2016-11-01 10:26:44','2016-11-01 10:17:26'),(10,2,'St. Hedwigs-Kathedrale',21,'Kirchengemeinde',22,'St. Hedwigs-Kathedrale',1,0,'0','1','2','2016-11-01 10:31:18','2016-11-01 10:27:47'),(11,2,'St. Peter',23,'Kirchengemeinde',24,'St. Peter',8,454,'4.6','1','2','2016-11-01 10:38:10','2016-11-01 10:38:02'),(12,2,'Kathedrale St. Trinitatis',25,'Kirchengemeinde',26,'Kathedrale St. Trinitatis',0,383,'4','1','2','2016-11-01 10:39:01','2016-11-01 10:38:52'),(13,2,'Dom zu Eichstätt',27,'Kirchengemeinde',28,'Dom zu Eichstätt',8,460,'4.7','1','2','2016-11-01 10:40:17','2016-11-01 10:40:00'),(14,2,'Erfurter Dom',29,'Kirchengemeinde',30,'Erfurter Dom',9,251,'2.8','1','2','2016-11-01 10:41:39','2016-11-01 10:40:54'),(15,2,'Essener Münster',31,'Kirchengemeinde',32,'Essener Münster',4,187,'2.2','1','2','2016-11-01 10:45:20','2016-11-01 10:42:41'),(16,2,'Freiburger Münster',33,'Kirchengemeinde',34,'Freiburger Münster',7,526,'5.2','1','2','2016-11-01 11:03:08','2016-11-01 10:43:40'),(17,2,'Freisinger Dom',35,'Kirchengemeinde',36,'Freisinger Dom',8,522,'5.4','1','2','2016-11-01 10:44:26','2016-11-01 10:44:18'),(18,2,'Fuldaer Dom',37,'Kirchengemeinde',38,'Fuldaer Dom',3,177,'2.1','1','2','2016-11-01 11:03:03','2016-11-01 10:46:40'),(19,2,'Kathedrale St. Jakobus',39,'Kirchengemeinde',40,'Kathedrale St. Jakobus',0,486,'4.9','1','2','2016-11-01 10:47:47','2016-11-01 10:47:36'),(20,2,'St.-Marien-Dom',41,'Kirchengemeinde',42,'St.-Marien-Dom',2,249,'3','1','2','2016-11-01 10:48:34','2016-11-01 10:48:20'),(21,2,'Hildesheimer Dom',43,'Kirchengemeinde',44,'Hildesheimer Dom',3,0,'','1','2','2016-11-01 10:49:58','2016-11-01 10:49:54'),(22,2,'Limburger Dom',45,'Kirchengemeinde',46,'Limburger Dom',6,273,'3.1','1','2','2016-11-01 10:51:32','2016-11-01 10:51:24'),(23,2,'Sankt-Sebastian-Kirche',47,'Kirchengemeinde',48,'Sankt-Sebastian-Kirche',3,0,'','1','2','2016-11-01 10:52:02','2016-11-01 10:52:02'),(24,2,'Mainzer Dom',49,'Kirchengemeinde',50,'Mainzer Dom',5,0,'','1','2','2016-11-01 10:53:05','2016-11-01 10:53:05'),(25,2,'Frauenkirche',51,'Kirchengemeinde',52,'Frauenkirche',0,0,'','1','2','2016-11-30 10:12:23','2016-11-01 10:53:28'),(26,2,'St.-Paulus-Dom',53,'Kirchengemeinde',54,'St.-Paulus-Dom',4,0,'','1','2','2016-11-01 10:53:49','2016-11-01 10:53:49'),(27,2,'Dom St. Stephan',55,'Kirchengemeinde',56,'Dom St. Stephan',9,0,'','1','2','2016-11-01 10:54:20','2016-11-01 10:54:20'),(28,2,'Regensburger Dom',57,'Kirchengemeinde',58,'Regensburger Dom',9,0,'','1','2','2016-11-01 10:54:42','2016-11-01 10:54:42'),(29,2,'Dom St. Martin',59,'Kirchengemeinde',60,'Dom St. Martin',7,0,'','1','2','2017-03-07 13:23:04','2016-11-01 10:55:10'),(30,2,'Speyerer Dom',61,'Kirchengemeinde',62,'Speyerer Dom',6,0,'','1','2','2016-11-01 10:55:31','2016-11-01 10:55:31'),(31,2,'Domkirche St. Eberhard',63,'Kirchengemeinde',64,'Domkirche St. Eberhard',7,0,'','1','2','2016-11-01 10:55:57','2016-11-01 10:55:57'),(32,2,'Trierer Dom',65,'Kirchengemeinde',66,'Trierer Dom',5,0,'','1','2','2016-11-01 10:56:23','2016-11-01 10:56:23'),(33,2,'Würzburger Dom',67,'Kirchengemeinde',68,'Würzburger Dom',9,0,'','1','','2016-11-01 10:56:49','2016-11-01 10:56:49'),(34,2,'Maria Schutz und St. Andreas',69,'Kirchengemeinde',70,'Maria Schutz und St. Andreas',8,0,'','1','2','2016-11-01 10:57:21','2016-11-01 10:57:21'),(35,1,'St. Sebald',75,'Kirchengemeinde',76,'St. Sebald',0,8,'0,5','1','7','2016-11-29 18:59:19','2016-11-21 12:29:24'),(36,5,'Neuhofen - Ev. Christus-Kirche',78,'Prot. Kirchengemeinde',79,'Neuhofen',671,21,',5','1','10','2018-12-10 22:04:19','2016-11-21 14:53:47'),(37,3,'Kunming',81,'',82,'',0,0,'','1','','2017-03-07 13:28:53','2017-03-07 13:28:53'),(38,1,'Diskmountain',83,'Kirchengemeinde',84,'Diskmountain',0,0,'','1','','2017-05-23 16:18:43','2017-05-23 16:18:43'),(39,2,'St. Johann Baptist',85,'Pfarrverband Erdinger Moos',86,'Pfarrei Aufkirchen',0,46,'0:50','1','','2017-05-23 16:20:50','2017-05-23 16:20:50'),(40,5,'St. Martinskirche',87,'',88,'Ev.-luth.St. Martinsgemeinde',0,100,'2','1','','2018-06-21 18:54:05','2018-06-21 18:54:05'),(41,1,'St. Gertraud ',90,'Kirchliches Verwaltungsamt Frankfurt (Oder)',91,'St. Gertraud ',0,0,'0','1','9','2018-07-20 12:59:04','2018-07-20 12:59:04'),(42,1,'',93,'',94,'',0,10,'','1','','2019-01-17 09:22:03','2019-01-17 09:22:03');
/*!40000 ALTER TABLE `gemeinde` ENABLE KEYS */;
UNLOCK TABLES;

--
-- Table structure for table `gemeindeansprechpartner`
--

DROP TABLE IF EXISTS `gemeindeansprechpartner`;
/*!40101 SET @saved_cs_client     = @@character_set_client */;
/*!40101 SET character_set_client = utf8 */;
CREATE TABLE `gemeindeansprechpartner` (
  `g_id` int(10) NOT NULL,
  `a_id` int(10) NOT NULL,
  PRIMARY KEY (`g_id`,`a_id`)
) ENGINE=MyISAM DEFAULT CHARSET=utf8;
/*!40101 SET character_set_client = @saved_cs_client */;

--
-- Dumping data for table `gemeindeansprechpartner`
--

LOCK TABLES `gemeindeansprechpartner` WRITE;
/*!40000 ALTER TABLE `gemeindeansprechpartner` DISABLE KEYS */;
INSERT INTO `gemeindeansprechpartner` (`g_id`, `a_id`) VALUES (-1,6),(-1,9),(1,2),(2,2),(2,10),(3,2),(3,4),(4,2),(4,5),(5,2),(6,2),(7,2),(8,2),(8,4),(9,2),(10,2),(11,2),(12,2),(13,2),(14,2),(15,2),(15,4),(15,8),(16,2),(16,8),(17,2),(18,2),(19,2),(20,2),(21,2),(22,2),(23,2),(24,2),(25,2),(26,2),(27,2),(28,2),(29,2),(30,2),(31,2),(32,2),(34,2),(35,7),(36,2),(36,4),(36,10),(41,9);
/*!40000 ALTER TABLE `gemeindeansprechpartner` ENABLE KEYS */;
UNLOCK TABLES;

--
-- Table structure for table `http_session`
--

DROP TABLE IF EXISTS `http_session`;
/*!40101 SET @saved_cs_client     = @@character_set_client */;
/*!40101 SET character_set_client = utf8 */;
CREATE TABLE `http_session` (
  `id2` int(11) NOT NULL AUTO_INCREMENT,
  `id` text CHARACTER SET latin1 NOT NULL,
  `data` text CHARACTER SET latin1,
  `expire` int(11) NOT NULL,
  `session_start` varchar(15) CHARACTER SET latin1 NOT NULL,
  PRIMARY KEY (`id2`),
  KEY `expire` (`expire`)
) ENGINE=MyISAM AUTO_INCREMENT=5623 DEFAULT CHARSET=utf8;
/*!40101 SET character_set_client = @saved_cs_client */;

--
-- Dumping data for table `http_session`
--

--
-- Table structure for table `konfession`
--

DROP TABLE IF EXISTS `konfession`;
/*!40101 SET @saved_cs_client     = @@character_set_client */;
/*!40101 SET character_set_client = utf8 */;
CREATE TABLE `konfession` (
  `k_id` int(11) NOT NULL AUTO_INCREMENT,
  `k_name` varchar(100) NOT NULL,
  `k_anschrift` varchar(100) NOT NULL,
  `k_genitiv` varchar(100) NOT NULL,
  `k_kurzform` varchar(100) NOT NULL,
  `k_lastchange` datetime NOT NULL,
  `k_createdate` datetime NOT NULL,
  PRIMARY KEY (`k_id`)
) ENGINE=MyISAM AUTO_INCREMENT=6 DEFAULT CHARSET=utf8;
/*!40101 SET character_set_client = @saved_cs_client */;

--
-- Dumping data for table `konfession`
--

LOCK TABLES `konfession` WRITE;
/*!40000 ALTER TABLE `konfession` DISABLE KEYS */;
INSERT INTO `konfession` (`k_id`, `k_name`, `k_anschrift`, `k_genitiv`, `k_kurzform`, `k_lastchange`, `k_createdate`) VALUES (1,'Evangelisch','Evangelische','evangelischen','Ev.','0000-00-00 00:00:00','0000-00-00 00:00:00'),(2,'Katholisch','Katholische','katholischen','Kath.','0000-00-00 00:00:00','0000-00-00 00:00:00'),(3,'Sonstiges','','','Sonst.','0000-00-00 00:00:00','0000-00-00 00:00:00'),(4,'Evangelisch-Methodistisch','Evangelisch-Methodistischen','evangelisch-Methodistischen','Ev.-metho.','0000-00-00 00:00:00','0000-00-00 00:00:00'),(5,'Evangelisch-Luthrisch','Evangelisch-Luthrischen','evangelisch-Luthrischen','Ev.-luth.','0000-00-00 00:00:00','0000-00-00 00:00:00');
/*!40000 ALTER TABLE `konfession` ENABLE KEYS */;
UNLOCK TABLES;

--
-- Table structure for table `option_meta`
--

DROP TABLE IF EXISTS `option_meta`;
/*!40101 SET @saved_cs_client     = @@character_set_client */;
/*!40101 SET character_set_client = utf8 */;
CREATE TABLE `option_meta` (
  `option_id` int(100) NOT NULL AUTO_INCREMENT,
  `option_modul` varchar(100) NOT NULL,
  `option_name` varchar(100) NOT NULL,
  `option_value` varchar(500) NOT NULL,
  `option_autoload` tinyint(1) NOT NULL,
  `option_comment` varchar(200) NOT NULL,
  `option_editable` tinyint(1) NOT NULL,
  `option_lastchange` datetime NOT NULL,
  `option_createdate` datetime NOT NULL,
  PRIMARY KEY (`option_id`)
) ENGINE=MyISAM AUTO_INCREMENT=74 DEFAULT CHARSET=utf8;
/*!40101 SET character_set_client = @saved_cs_client */;

--
-- Dumping data for table `option_meta`
--

LOCK TABLES `option_meta` WRITE;
/*!40000 ALTER TABLE `option_meta` DISABLE KEYS */;
INSERT INTO `option_meta` (`option_id`, `option_modul`, `option_name`, `option_value`, `option_autoload`, `option_comment`, `option_editable`, `option_lastchange`, `option_createdate`) VALUES (1,'Rechnung','rechnung_pflege_text','Standardtext Pflegevertrag kann in den Einstellungen geändert werden',1,'Standard Text für Pflegerechnungen nach Pflegevertrag',1,'0000-00-00 00:00:00','0000-00-00 00:00:00'),(2,'Rechnung','rechnung_auftrag_text','Standardtext Pflegevertrag kann in den Einstellungen geändert werden',1,'Standard Text für Pflegerechnungen nach Auftrag',1,'0000-00-00 00:00:00','0000-00-00 00:00:00'),(3,'Rechnung','rechnung_angebot_text','Standardtext Pflegevertrag kann in den Einstellungen geändert werden',1,'Standard Text für Pflegerechnungen nach Angebot',1,'0000-00-00 00:00:00','0000-00-00 00:00:00'),(4,'Rechnung','standardzahlungsziel','14',1,'Standard Zahlungsziel für alle Rechnungen',1,'0000-00-00 00:00:00','0000-00-00 00:00:00'),(5,'Rechnung','pflegerechnung_pos_1','Motor geölt',1,'1. Standard Position für Pflegerechnungen',1,'0000-00-00 00:00:00','0000-00-00 00:00:00'),(6,'Rechnung','pflegerechnung_pos_2','Winddruck geprüft',1,'2. Standard Position für Pflegerechnungen',1,'0000-00-00 00:00:00','0000-00-00 00:00:00'),(7,'Rechnung','pflegerechnung_pos_3','',1,'3. Standard Position für Pflegerechnungen',1,'0000-00-00 00:00:00','0000-00-00 00:00:00'),(8,'Rechnung','rechnung_zahlungsziele','7,10,14,21,28,30,31',1,'Standardzahlungsziele',1,'0000-00-00 00:00:00','0000-00-00 00:00:00'),(9,'Einstellung','default_redirect_seconds_true','1',1,'Bei erfolgreicher Meldung nach X Sekunden weiterleiten',0,'0000-00-00 00:00:00','0000-00-00 00:00:00'),(10,'Einstellung','default_redirect_seconds_false','4',1,'Bei negativer Meldung nach X Sekunden weiterleiten',0,'0000-00-00 00:00:00','0000-00-00 00:00:00'),(11,'Einstellung','max_idle_time','30',1,'Maximale Zeit der Inaktivität (... für Logout)',0,'0000-00-00 00:00:00','0000-00-00 00:00:00'),(12,'Einstellung','min_user_password_length','5',1,'Minimum Password Länge der Benutzer',0,'0000-00-00 00:00:00','0000-00-00 00:00:00'),(14,'Rechnung','rechnung_abschlag1_text','Standardtext Abschlagsrechnung I',1,'Abschlagstext für 1. Abschlagsrechnung',1,'0000-00-00 00:00:00','0000-00-00 00:00:00'),(15,'Rechnung','rechnung_abschlag2_text','Standardtext Abschlagsrechnung II',1,'Abschlagtext für 2. Abschlagsrechnung',1,'0000-00-00 00:00:00','0000-00-00 00:00:00'),(16,'Rechnung','rechnung_abschlag3_text','Standardtext Abschlagsrechnung III',1,'Abschlagstext für 3. Abschlagsrechnung',1,'0000-00-00 00:00:00','0000-00-00 00:00:00'),(17,'Rechnung','rechnung_abschlag1_prozent','30',1,'Prozentangabe für die 1. Abschlagsrechnung',1,'0000-00-00 00:00:00','0000-00-00 00:00:00'),(18,'Rechnung','rechnung_abschlag2_prozent','30',1,'Prozentangabe für die 2. Abschlagsrechnung',1,'0000-00-00 00:00:00','0000-00-00 00:00:00'),(19,'Rechnung','rechnung_abschlag3_prozent','20',1,'Prozentangabe für die 3. Abschlagsrechnung',1,'0000-00-00 00:00:00','0000-00-00 00:00:00'),(20,'Projekt','standard_stunden_montag','8.25',1,'Standard Arbeitsstunden Montag',1,'0000-00-00 00:00:00','0000-00-00 00:00:00'),(21,'Projekt','standard_stunden_dienstag','8.25',1,'Standard Arbeitsstunden Dienstag',1,'0000-00-00 00:00:00','0000-00-00 00:00:00'),(22,'Projekt','standard_stunden_mittwoch','8.25',1,'Standard Arbeitsstunden Mittwoch',1,'0000-00-00 00:00:00','0000-00-00 00:00:00'),(23,'Projekt','standard_stunden_donnerstag','8.25',1,'Standard Arbeitsstunden Donnerstag',1,'0000-00-00 00:00:00','0000-00-00 00:00:00'),(24,'Projekt','standard_stunden_freitag','7',1,'Standard Arbeitsstunden Freitag',1,'0000-00-00 00:00:00','0000-00-00 00:00:00'),(25,'Projekt','standard_stunden_samstag','0',1,'Standard Arbeitsstunden Samstag',1,'0000-00-00 00:00:00','0000-00-00 00:00:00'),(26,'Projekt','standard_stunden_sonntag','0',1,'Standard Arbeitsstunden Sonntag',1,'0000-00-00 00:00:00','0000-00-00 00:00:00'),(27,'Projekt','standard_urlaubstage','28',1,'Standard Urlaubstage',1,'0000-00-00 00:00:00','0000-00-00 00:00:00'),(29,'Einstellung','site_title','Orgelbau Software Demo',1,'Seiten Title',0,'0000-00-00 00:00:00','0000-00-00 00:00:00'),(30,'Einstellung','admin_kurzinfo_hover_txt','Ihre Nachricht an den Systemadministrator...',1,'Hover Text in der Fusszeile',0,'0000-00-00 00:00:00','0000-00-00 00:00:00'),(31,'Wartung','pdf_untertext1','Der Text für den Wartungsbogen',1,'Text für die Kopfzeile auf dem Wartungsbogen',1,'0000-00-00 00:00:00','0000-00-00 00:00:00'),(32,'Wartung','pdf_untertext2','ist beliebig änderbar',1,'Text für die Kopfzeile auf dem Wartungsbogen',1,'0000-00-00 00:00:00','0000-00-00 00:00:00'),(33,'Einstellung','max_user_username_length','16',1,'Maximale Benutzernamen Länge',0,'0000-00-00 00:00:00','0000-00-00 00:00:00'),(35,'Allgemein','kunde_ansprechpartner_id','1',1,'ID des Kunden in der Ansprechpartner Tabelle',0,'0000-00-00 00:00:00','0000-00-00 00:00:00'),(38,'Einstellung','max_failed_logins','5',1,'Maximale Anzahl Fehlversuche',0,'0000-00-00 00:00:00','0000-00-00 00:00:00'),(39,'Allgemein','default_top_register','25',1,'Im Dispositionseditor die Registervorschläge',1,'0000-00-00 00:00:00','0000-00-00 00:00:00'),(40,'Projekt','kilometerpauschale','0.3',1,'Kilometerpauschale für Reisekosten',1,'0000-00-00 00:00:00','0000-00-00 00:00:00'),(41,'Wartung','wartung_bogen_bildanzeige','true',1,'Bildanzeige auf dem Wartungsbogen an oder abschalten',1,'0000-00-00 00:00:00','0000-00-00 00:00:00'),(56,'Rechnung','pflegerechnung_pos_8','',1,'8. Standard Position für Pflegerechnungen',1,'0000-00-00 00:00:00','0000-00-00 00:00:00'),(46,'Allgemein','laenderauswahl','Deutschland, Österreich, Schweiz, Norwegen',1,'Auswahlliste für die Länder',1,'0000-00-00 00:00:00','0000-00-00 00:00:00'),(44,'Gemeinde','gemeinde_anzahl_listengruppierung','20',1,'Anzahl der Gemeinden ab der die Gruppierung der Gemeindeliste aktiviert wird',1,'2011-03-20 14:26:27','2011-03-20 14:26:29'),(45,'Orgel','orgel_anzahl_listengruppierung','20',1,'Anzahl der Gemeinden ab der die Gruppierung der Orgelliste aktiviert wird',1,'2011-03-20 14:26:32','2011-03-20 14:26:34'),(55,'Rechnung','pflegerechnung_pos_7','',1,'7. Standard Position für Pflegerechnungen',1,'0000-00-00 00:00:00','0000-00-00 00:00:00'),(54,'Rechnung','pflegerechnung_pos_6','',1,'6. Standard Position für Pflegerechnungen',1,'0000-00-00 00:00:00','0000-00-00 00:00:00'),(52,'Rechnung','pflegerechnung_pos_4','',1,'4. Standard Position für Pflegerechnungen',1,'0000-00-00 00:00:00','0000-00-00 00:00:00'),(53,'Rechnung','pflegerechnung_pos_5','',1,'5. Standard Position für Pflegerechnungen',1,'0000-00-00 00:00:00','0000-00-00 00:00:00'),(57,'Rechnung','pflegerechnung_pos_9','',1,'9. Standard Position für Pflegerechnungen',1,'0000-00-00 00:00:00','0000-00-00 00:00:00'),(58,'Rechnung','pflegerechnung_pos_10','',1,'10. Standard Position für Pflegerechnungen',1,'0000-00-00 00:00:00','0000-00-00 00:00:00'),(59,'Rechnung','rechnung_pflege_naechste_nummer','21',1,'Die naechste Pflege Rechnungsnummer',1,'2015-05-16 13:25:01','2015-05-16 13:25:04'),(60,'Rechnung','rechnung_abschlag_naechste_nummer','10',1,'Die naechste Abschlag Rechnungsnummer',1,'2015-05-16 13:25:01','2015-05-16 13:25:04'),(63,'Einstellung','orgelbank_api_key','d41d8cd98f00b204e9800998ecf8427e',1,'Der Orgelbank API Key ',0,'0000-00-00 00:00:00','0000-00-00 00:00:00'),(64,'Rechnung','stundenrechnung_pos_1','1. Standard Position für Stundenrechnungen',1,'1. Standard Position für Stundenrechnungen',1,'0000-00-00 00:00:00','0000-00-00 00:00:00'),(65,'Rechnung','stundenrechnung_pos_2','',1,'2. Standard Position für Stundenrechnungen',1,'0000-00-00 00:00:00','0000-00-00 00:00:00'),(66,'Rechnung','stundenrechnung_pos_3','',1,'3. Standard Position für Stundenrechnungen',1,'0000-00-00 00:00:00','0000-00-00 00:00:00'),(67,'Rechnung','stundenrechnung_pos_4','',1,'4. Standard Position für Stundenrechnungen',1,'0000-00-00 00:00:00','0000-00-00 00:00:00'),(68,'Rechnung','stundenrechnung_pos_5','',1,'5. Standard Position für Stundenrechnungen',1,'0000-00-00 00:00:00','0000-00-00 00:00:00'),(69,'Rechnung','stundenrechnung_pos_6','',1,'6. Standard Position für Stundenrechnungen',1,'0000-00-00 00:00:00','0000-00-00 00:00:00'),(70,'Rechnung','stundenrechnung_pos_7','',1,'7. Standard Position für Stundenrechnungen',1,'0000-00-00 00:00:00','0000-00-00 00:00:00'),(71,'Rechnung','stundenrechnung_pos_8','',1,'8. Standard Position für Stundenrechnungen',1,'0000-00-00 00:00:00','0000-00-00 00:00:00'),(72,'Rechnung','stundenrechnung_pos_9','',1,'9. Standard Position für Stundenrechnungen',1,'0000-00-00 00:00:00','0000-00-00 00:00:00'),(73,'Rechnung','stundenrechnung_pos_10','',1,'10. Standard Position für Stundenrechnungen',1,'0000-00-00 00:00:00','0000-00-00 00:00:00');
/*!40000 ALTER TABLE `option_meta` ENABLE KEYS */;
UNLOCK TABLES;

--
-- Table structure for table `orgel`
--

DROP TABLE IF EXISTS `orgel`;
/*!40101 SET @saved_cs_client     = @@character_set_client */;
/*!40101 SET character_set_client = utf8 */;
CREATE TABLE `orgel` (
  `o_id` int(10) NOT NULL AUTO_INCREMENT,
  `g_id` int(10) DEFAULT NULL,
  `ost_id` smallint(5) NOT NULL COMMENT 'Status',
  `o_baujahr` varchar(10) NOT NULL,
  `o_erbauer` varchar(100) NOT NULL,
  `o_renoviert` varchar(10) NOT NULL,
  `o_renovierer` varchar(100) NOT NULL,
  `ow_id` smallint(5) NOT NULL COMMENT 'Windlade',
  `os_id` smallint(5) NOT NULL COMMENT 'Spieltraktur',
  `or_id` smallint(5) NOT NULL COMMENT 'Registertratkru',
  `ok_id` smallint(5) NOT NULL COMMENT 'Koppeln',
  `o_anzahlregister` varchar(10) NOT NULL,
  `o_anmerkung` varchar(500) NOT NULL,
  `o_pflegevertrag` varchar(1) NOT NULL,
  `o_letztepflege` varchar(10) NOT NULL,
  `o_hauptstimmung` varchar(10) NOT NULL,
  `o_zyklus` varchar(10) NOT NULL DEFAULT '0',
  `o_massnahmen` varchar(200) NOT NULL,
  `o_manual1` varchar(100) NOT NULL,
  `o_manual2` varchar(100) NOT NULL,
  `o_manual3` varchar(100) NOT NULL,
  `o_manual4` varchar(100) NOT NULL,
  `o_manual5` varchar(100) NOT NULL,
  `o_m1wd` varchar(20) NOT NULL,
  `o_m2wd` varchar(20) NOT NULL,
  `o_m3wd` varchar(20) NOT NULL,
  `o_m4wd` varchar(20) NOT NULL,
  `o_m5wd` varchar(20) NOT NULL,
  `o_m6wd` varchar(20) NOT NULL,
  `o_m1groesse` varchar(20) NOT NULL,
  `o_m2groesse` varchar(20) NOT NULL,
  `o_m3groesse` varchar(20) NOT NULL,
  `o_m4groesse` varchar(20) NOT NULL,
  `o_m5groesse` varchar(20) NOT NULL,
  `o_m6groesse` varchar(20) NOT NULL,
  `o_pedal` varchar(10) NOT NULL,
  `o_stimmung` varchar(100) NOT NULL,
  `o_aktiv` varchar(10) NOT NULL,
  `o_lastchange` datetime NOT NULL,
  `o_createdate` datetime NOT NULL,
  PRIMARY KEY (`o_id`)
) ENGINE=MyISAM AUTO_INCREMENT=41 DEFAULT CHARSET=utf8;
/*!40101 SET character_set_client = @saved_cs_client */;

--
-- Dumping data for table `orgel`
--

LOCK TABLES `orgel` WRITE;
/*!40000 ALTER TABLE `orgel` DISABLE KEYS */;
INSERT INTO `orgel` (`o_id`, `g_id`, `ost_id`, `o_baujahr`, `o_erbauer`, `o_renoviert`, `o_renovierer`, `ow_id`, `os_id`, `or_id`, `ok_id`, `o_anzahlregister`, `o_anmerkung`, `o_pflegevertrag`, `o_letztepflege`, `o_hauptstimmung`, `o_zyklus`, `o_massnahmen`, `o_manual1`, `o_manual2`, `o_manual3`, `o_manual4`, `o_manual5`, `o_m1wd`, `o_m2wd`, `o_m3wd`, `o_m4wd`, `o_m5wd`, `o_m6wd`, `o_m1groesse`, `o_m2groesse`, `o_m3groesse`, `o_m4groesse`, `o_m5groesse`, `o_m6groesse`, `o_pedal`, `o_stimmung`, `o_aktiv`, `o_lastchange`, `o_createdate`) VALUES (1,1,1,'1931','Watermeyer','2015','Meier',1,1,1,1,'7','Schlüssel auch im Gemeindebüro nebenan!','1','2016-05-11','','1','keine','1','1','','','','50','200','','','','50','C-g\'\'\'','c-g\'\'\'','','','','C-f\'','1','Gleichstufig','1','2016-11-01 12:16:44','2011-11-24 09:38:06'),(2,2,2,'1932','Watermeyer','2014','Meier',4,3,4,4,'17','Tremulant noch defekt. Posaune 16`C läßt sich nicht genau stimmen, eventl. dickeres Blatt einbauen! Trakturprobleme, eventl Trakturspanner einbauen! Koppel II/I d° klemmt manchmal. Prinz. 4\'\' C im SW knickt ab.','1','2016-11-21','','1','','1','1','','','','50','55','','','','50','C-g\'\'\'','C-g\'\'\'','','','','C-f\'','1','Gleichstufig','1','2016-11-26 12:21:17','2016-10-31 17:58:39'),(3,3,0,'1933','Watermeyer','2013','Meier',1,1,1,1,'25','Gehäusetüren HW aus stimmungstechnischen Gründen offen lassen!','2','2016-11-12','','1','Beim nächsten Mal muss unbedingt ...','1','1','','','','60','50','','','','50','C-g\'\'\'','C-g\'\'\'','','','','C-f\'','1','Gleichstufig','1','2016-11-21 12:28:29','2016-10-31 18:02:08'),(4,4,1,'1934','Watermeyer','2012','Meier',1,1,1,1,'12','','1','2016-02-25','','1','','1','','','','','50','','','','','50','C-g\'\'\'','','','','','C-f\'','1','Gleichstufig','1','2016-11-27 11:11:02','2016-10-31 18:04:09'),(5,5,2,'1935','Watermeyer','2011','Meier',1,1,1,1,'9','Schlüssel auch bei Fam. Grebe .','1','2016-04-24','','1','','1','0','','','','50','','','','','50','C-g\'\'\'','','','','','C-f\'','1','Gleichstufig','1','2017-01-27 17:57:50','2016-10-31 18:08:11'),(6,6,0,'1936','Watermeyer','2010','Meier',1,1,1,1,'11','Mixtur sehr weiches Material, vorsichtig stimmen!\r\nOrgel gleicht einer Gerümpelkammer, \r\nSchlüssel bei Fr. H in der (verklinkertes Haus).\r\n','1','2016-09-28','','1','','1','','','','','50','','','','','50','C-g\'\'\'','','','','','C-f\'','1','Gleichstufig','1','2016-11-01 10:59:01','2016-10-31 18:21:08'),(7,7,1,'1937','Watermeyer','2009','Meier',1,1,1,1,'11','Küsterin Frau Rex, Frankfurter Str. 7\r\nTel. 0','1','2016-09-08','','1','','1','','','','','50','','','','','50','C-g\'\'\'','','','','','C-f\'','1','Gleichstufig','1','2016-11-01 10:58:56','2016-11-01 10:58:56'),(8,29,2,'1938','Watermeyer','2008','Meier',1,1,1,1,'12','Rückwand wurde nicht wieder eingebaut (nach Rücksprache mit dem Organist).Schlüssel vormittags im Dekanatsbüro, danach bei Frau G.\r\nOrgelpflege bei Frau Kantorin Pelzer anmelden: .\r\n\r\nWind im vollen Werk nicht ausreichend!','1','2016-02-25','','1','','1','','','','','50','','','','','50','C-g\'\'\'','','','','','C-f\'','1','Gleichstufig','1','2016-11-01 10:59:05','2016-11-01 10:59:05'),(9,27,0,'1939','Watermeyer','2007','Meier',1,1,1,1,'3','Schimmel an den Pfeifen! Intonationsprobleme!\r\nHeuler im Pedal aufgrund oxidierter Abzüge!','1','2016-02-21','','1','','1','','','','','50','','','','','50','C-g\'\'\'','','','','','C-f\'','1','Gleichstufig','1','2016-11-01 10:59:14','2016-11-01 10:59:14'),(10,13,1,'1940','Watermeyer','2006','Meier',1,1,1,1,'5','Putz rieselt ins Pfeifenwerk hinab!\r\nZinkprospekt neigt zum Rasseln!\r\n\r\nPfarrerin wohnt in der H .11 Kleinern!','1','2016-08-21','','1','','1','','','','','50','','','','','50','C-g\'\'\'','','','','','C-f\'','1','Gleichstufig','1','2016-11-01 12:11:58','2016-11-01 10:59:18'),(11,31,2,'1941','Watermeyer','2005','Meier',1,1,1,1,'10','Enges Orgelgehäuse beeinflusst die Stimmung, \r\nOktave 4\'\' und Blockflöte 4\'\' ziehen sich in der Stimmung etwas an!','1','2016-08-13','','1','','1','','','','','50','','','','','50','C-g\'\'\'','','','','','C-f\'','1','Gleichstufig','1','2016-11-01 10:59:21','2016-11-01 10:59:21'),(12,14,0,'1942','Watermeyer','2004','Meier',1,1,1,1,'16','Schlüssel und Ansprechpartner: 05691/5541','1','2016-03-29','','1','','1','','','','','50','','','','','50','C-g\'\'\'','','','','','C-f\'','1','Gleichstufig','1','2016-11-01 10:59:26','2016-11-01 10:59:26'),(13,15,1,'1943','Watermeyer','2003','Meier',1,1,1,1,'20','Orgel durch den Prospekt stimmen!\r\nIntonation mangehaft!','1','2016-04-21','','1','','1','','','','','50','','','','','50','C-g\'\'\'','','','','','C-f\'','1','Gleichstufig','1','2016-11-01 10:59:29','2016-11-01 10:59:29'),(14,25,2,'1944','Watermeyer','2002','Meier',1,1,1,1,'13','','1','2016-11-21','','1','','1','','','','','50','','','','','50','C-g\'\'\'','','','','','C-f\'','1','Gleichstufig','1','2016-11-21 14:27:57','2016-11-01 10:59:33'),(15,16,0,'1945','Watermeyer','2001','Meier',1,1,1,1,'5','','1','2016-07-17','','1','','1','','','','','50','','','','','50','C-g\'\'\'','','','','','C-f\'','1','Gleichstufig','1','2016-11-01 10:59:36','2016-11-01 10:59:36'),(16,17,1,'1946','Watermeyer','2000','Meier',1,1,1,1,'4','Schlecht stimmbar, da der Motor im Gehäuse stört!','1','2016-02-08','','1','','1','','','','','50','','','','','50','C-g\'\'\'','','','','','C-f\'','1','Gleichstufig','1','2016-11-01 10:59:40','2016-11-01 10:59:40'),(17,18,2,'1947','Watermeyer','1999','Meier',1,1,1,1,'5','Erhebliche Windprobleme!...Stimmungsprobleme!\r\n3. Reihe der Mixtur wurde auf Wunsch des Organisten abgesteckt!','1','2016-02-15','','1','','1','','','','','50','','','','','50','C-g\'\'\'','','','','','C-f\'','1','Gleichstufig','1','2016-11-01 10:59:44','2016-11-01 10:59:44'),(18,21,0,'1948','Watermeyer','1998','Meier',1,1,1,1,'9','Vorsicht! Altes und sehr weiches Pfeifenmaterial!\r\nIntonationsschwächen! Pfeifenwerk im schlechten Zustand!\r\nKüsterin: 0160/.... \r\nSchaumstoff in der Motorkiste löst sich!','1','2016-05-01','','2','','1','','','','','50','','','','','50','C-g\'\'\'','','','','','C-f\'','1','Gleichstufig','1','2016-11-12 16:45:06','2016-11-01 11:00:19'),(19,9,1,'1949','Watermeyer','1997','Meier',1,1,1,1,'16','Enger Orgelzugang!\r\nIntoantionsprobleme, Orgel verschmutzt.','1','2016-07-10','','1','','1','','','','','50','','','','','50','C-g\'\'\'','','','','','C-f\'','1','Gleichstufig','1','2016-11-01 11:00:26','2016-11-01 11:00:26'),(20,19,2,'1950','Watermeyer','1996','Meier',1,1,1,1,'7','Motor sehr laut!\r\nReparatur in 2011.\r\n','1','2016-02-09','','1','','1','','','','','50','','','','','50','C-g\'\'\'','','','','','C-f\'','1','Gleichstufig','1','2016-11-01 11:00:30','2016-11-01 11:00:30'),(21,12,0,'1951','Watermeyer','1995','Meier',1,1,1,1,'4','Höhenverstellung der Orgelbank defekt!\r\n','1','2016-07-06','','1','','1','','','','','50','','','','','50','C-g\'\'\'','','','','','C-f\'','1','Gleichstufig','1','2016-11-01 11:00:34','2016-11-01 11:00:34'),(22,22,1,'1952','Watermeyer','1994','Meier',1,1,1,1,'15','Schlüssel bei Herrn Schmidt! ','1','2016-08-29','','1','','1','','','','','50','','','','','50','C-g\'\'\'','','','','','C-f\'','1','Gleichstufig','1','2016-11-01 11:00:43','2016-11-01 11:00:43'),(23,24,2,'1953','Watermeyer','1993','Meier',1,1,1,1,'8','Unruhiger Wind. Ausreinigung in 2000. Drosselventil müsste erneuert werden!','1','2016-08-08','','1','','1','','','','','50','','','','','50','C-g\'\'\'','','','','','C-f\'','1','Gleichstufig','1','2016-11-01 11:00:47','2016-11-01 11:00:47'),(24,34,0,'1954','Watermeyer','1992','Meier',1,1,1,1,'10','Eine Menge Stühle versperren den Zugang zur Orgel!\r\nPflege mit Schluffhausen zusammen','1','2016-10-07','','1','','1','','','','','50','','','','','50','C-g\'\'\'','','','','','C-f\'','1','Gleichstufig','1','2016-11-01 11:00:50','2016-11-01 11:00:50'),(25,8,1,'1955','Watermeyer','1991','Meier',1,1,1,1,'14','Schlüssel bei Fr. W, Kirchplatz 11.\r\nBalg verursacht Vibrationen!!!!!','1','2016-08-02','','1','','1','','','','','50','','','','','50','C-g\'\'\'','','','','','C-f\'','1','Gleichstufig','1','2016-11-01 11:00:56','2016-11-01 11:00:56'),(26,28,2,'1956','Watermeyer','1990','Meier',1,1,1,1,'13','Kirchenwand beeinflußt die Stimmung!\r\nZwei Prospektpfeifen beschädigt (Pr.4\'\' Gs+A).','1','2016-05-19','','1','','1','','','','','50','','','','','50','C-g\'\'\'','','','','','C-f\'','1','Gleichstufig','1','2016-11-01 11:01:00','2016-11-01 11:01:00'),(27,23,0,'1957','Watermeyer','1989','Meier',1,1,1,1,'7','Pedal angehängt.Bitte Angebot über Sanierung der Orgel!\r\nSchlüssel auch bei Fr. Behle (neben der Kirche)!','1','2016-06-26','','1','','1','','','','','50','','','','','50','C-g\'\'\'','','','','','C-f\'','1','Gleichstufig','1','2016-11-01 11:01:03','2016-11-01 11:01:03'),(28,30,1,'1958','Watermeyer','1988','Meier',1,1,1,1,'0','','1','2016-08-17','','1','','1','','','','','50','','','','','50','C-g\'\'\'','','','','','C-f\'','1','Gleichstufig','1','2016-11-01 11:01:07','2016-11-01 11:01:07'),(29,10,2,'1959','Watermeyer','1987','Meier',1,1,1,1,'6','Angehängtes Pedal.\r\nOrgel schmutzig. Schlechte Stimmhaltung!','1','2016-08-15','','1','','1','','','','','50','','','','','50','C-g\'\'\'','','','','','C-f\'','1','Gleichstufig','1','2016-11-01 11:01:11','2016-11-01 11:01:11'),(30,11,0,'1960','Watermeyer','1986','Meier',1,1,1,1,'4','Pfarrerin Buhlmann wohnt im Asternweg 14,\r\nKüsterin Frau W wohnt im Hauptweg 2.\r\nSchlüssel auch im Kindergarten!\r\nLicht für Orgel hinter Pedalfüllung (cs).','1','2016-02-29','','1','','1','','','','','50','','','','','50','C-g\'\'\'','','','','','C-f\'','1','Gleichstufig','1','2016-11-01 11:01:14','2016-11-01 11:01:14'),(31,20,1,'1961','Watermeyer','1985','Meier',1,1,1,1,'13','Stimmung des Cornett durch geschlossene Türen nicht befriedigend möglich! Stimmung im 2-Jahresturnus!\r\nEinbau einer neuen Setzeranlage durch unsere Werkstatt in 2010.','1','2016-12-30','','1','','1','','','','','50','','','','','50','C-g\'\'\'','','','','','C-f\'','1','Gleichstufig','1','2016-11-01 11:01:18','2016-11-01 11:01:18'),(32,32,2,'1962','Watermeyer','1984','Meier',1,1,1,1,'40','Schlüssel für Empore im Gemeindesaal, rechts im Schrank!\r\nReklamation der Orgelpflege durch die Gemeinde!\r\nSchlüswsel für Gemeindesaal im Bücherständer (Flugblätter) in der Kirche! ','1','2016-07-21','','3','','1','','','','','50','','','','','50','C-g\'\'\'','','','','','C-f\'','1','Gleichstufig','1','2016-11-12 16:45:25','2016-11-01 11:01:25'),(33,33,0,'1963','Watermeyer','1983','Meier',1,1,1,1,'21','','1','2016-07-04','','1','','1','','','','','50','','','','','50','C-g\'\'\'','','','','','C-f\'','1','Gleichstufig','1','2016-11-01 11:01:28','2016-11-01 11:01:28'),(34,26,1,'1964','Watermeyer','1982','Meier',1,1,1,1,'12','','1','','','1','','1','','','','','50','','','','','50','C-g\'\'\'','','','','','C-f\'','1','Gleichstufig','1','2016-11-01 11:01:56','2016-11-01 11:01:56'),(35,35,0,'1955','Oberlinger','','',1,1,1,1,'15','','1','','','2','','1','1','','','','','','','','','','C - g´´´','C - g´´´','','','','C- f´','1','','1','2016-11-21 16:05:49','2016-11-20 17:21:31'),(36,36,0,'1955','Oberlinger','','',1,1,1,1,'7','','1','','','2','','1','1','','','','65','65','','','','75','C-g´´´','C-g´´´','','','','C-f´','1','','1','2016-11-26 12:10:14','2016-11-21 14:55:14'),(37,36,0,'2016','','','',1,1,1,1,'0','','1','','','1','','1','1','','','','','','','','','','c-g','','','','','','1','','1','2016-11-26 12:00:00','2016-11-26 09:16:33'),(38,0,0,'','','','',1,1,1,1,'0','','1','','','0','','','','','','','','','','','','','','','','','','','','','0','2016-11-26 12:17:10','2016-11-26 12:16:58'),(39,0,0,'','','','',1,0,0,0,'','','1','','','2','','1','1','','','','','','','','','','8','','','','','','','w','1','2018-02-25 16:42:46','2018-02-25 16:42:46'),(40,41,3,'1879','W. Sauer','1989','VEB W.Sauer/ Christian Scheffler',2,1,1,1,'12','I. Manual mit Barkermaschine\r\nadfjhlsdjkfg\r\nsdfklgjhsld\r\nsdfkljg\r\nalkdfsj','1','','','0','- Erneuerung der Barker-Barkermaschine\r\n- Rysfdh','1','1','1','','','85','85','85','','','85','???','?','','','','','1','gleichstufig','1','2018-07-20 13:20:44','2018-07-20 12:50:31');
/*!40000 ALTER TABLE `orgel` ENABLE KEYS */;
UNLOCK TABLES;

--
-- Table structure for table `orgel_koppel`
--

DROP TABLE IF EXISTS `orgel_koppel`;
/*!40101 SET @saved_cs_client     = @@character_set_client */;
/*!40101 SET character_set_client = utf8 */;
CREATE TABLE `orgel_koppel` (
  `ok_id` int(10) NOT NULL AUTO_INCREMENT,
  `ok_name` varchar(30) NOT NULL,
  PRIMARY KEY (`ok_id`)
) ENGINE=MyISAM AUTO_INCREMENT=5 DEFAULT CHARSET=utf8;
/*!40101 SET character_set_client = @saved_cs_client */;

--
-- Dumping data for table `orgel_koppel`
--

LOCK TABLES `orgel_koppel` WRITE;
/*!40000 ALTER TABLE `orgel_koppel` DISABLE KEYS */;
INSERT INTO `orgel_koppel` (`ok_id`, `ok_name`) VALUES (1,'Mechanisch'),(2,'Elektrisch'),(3,'Kombination'),(4,'Pneumatisch');
/*!40000 ALTER TABLE `orgel_koppel` ENABLE KEYS */;
UNLOCK TABLES;

--
-- Table structure for table `orgel_registertraktur`
--

DROP TABLE IF EXISTS `orgel_registertraktur`;
/*!40101 SET @saved_cs_client     = @@character_set_client */;
/*!40101 SET character_set_client = utf8 */;
CREATE TABLE `orgel_registertraktur` (
  `or_id` int(10) NOT NULL AUTO_INCREMENT,
  `or_name` varchar(30) NOT NULL,
  PRIMARY KEY (`or_id`)
) ENGINE=MyISAM AUTO_INCREMENT=4 DEFAULT CHARSET=utf8;
/*!40101 SET character_set_client = @saved_cs_client */;

--
-- Dumping data for table `orgel_registertraktur`
--

LOCK TABLES `orgel_registertraktur` WRITE;
/*!40000 ALTER TABLE `orgel_registertraktur` DISABLE KEYS */;
INSERT INTO `orgel_registertraktur` (`or_id`, `or_name`) VALUES (1,'Mechanisch'),(2,'Elektrisch'),(3,'Pneumatisch');
/*!40000 ALTER TABLE `orgel_registertraktur` ENABLE KEYS */;
UNLOCK TABLES;

--
-- Table structure for table `orgel_spieltraktur`
--

DROP TABLE IF EXISTS `orgel_spieltraktur`;
/*!40101 SET @saved_cs_client     = @@character_set_client */;
/*!40101 SET character_set_client = utf8 */;
CREATE TABLE `orgel_spieltraktur` (
  `os_id` int(10) NOT NULL AUTO_INCREMENT,
  `os_name` varchar(30) NOT NULL,
  PRIMARY KEY (`os_id`)
) ENGINE=MyISAM AUTO_INCREMENT=4 DEFAULT CHARSET=utf8;
/*!40101 SET character_set_client = @saved_cs_client */;

--
-- Dumping data for table `orgel_spieltraktur`
--

LOCK TABLES `orgel_spieltraktur` WRITE;
/*!40000 ALTER TABLE `orgel_spieltraktur` DISABLE KEYS */;
INSERT INTO `orgel_spieltraktur` (`os_id`, `os_name`) VALUES (1,'Mechanisch'),(2,'Elektrisch'),(3,'Pneumatisch');
/*!40000 ALTER TABLE `orgel_spieltraktur` ENABLE KEYS */;
UNLOCK TABLES;

--
-- Table structure for table `orgel_status`
--

DROP TABLE IF EXISTS `orgel_status`;
/*!40101 SET @saved_cs_client     = @@character_set_client */;
/*!40101 SET character_set_client = utf8 */;
CREATE TABLE `orgel_status` (
  `ost_id` int(10) NOT NULL,
  `ost_name` varchar(20) NOT NULL,
  PRIMARY KEY (`ost_id`)
) ENGINE=MyISAM DEFAULT CHARSET=utf8;
/*!40101 SET character_set_client = @saved_cs_client */;

--
-- Dumping data for table `orgel_status`
--

LOCK TABLES `orgel_status` WRITE;
/*!40000 ALTER TABLE `orgel_status` DISABLE KEYS */;
INSERT INTO `orgel_status` (`ost_id`, `ost_name`) VALUES (1,'Neubau'),(2,'Renoviert'),(3,'Restauriert'),(0,'Reinigung');
/*!40000 ALTER TABLE `orgel_status` ENABLE KEYS */;
UNLOCK TABLES;

--
-- Table structure for table `orgel_windlade`
--

DROP TABLE IF EXISTS `orgel_windlade`;
/*!40101 SET @saved_cs_client     = @@character_set_client */;
/*!40101 SET character_set_client = utf8 */;
CREATE TABLE `orgel_windlade` (
  `ow_id` int(10) NOT NULL AUTO_INCREMENT,
  `ow_name` varchar(30) NOT NULL,
  PRIMARY KEY (`ow_id`)
) ENGINE=MyISAM AUTO_INCREMENT=5 DEFAULT CHARSET=utf8;
/*!40101 SET character_set_client = @saved_cs_client */;

--
-- Dumping data for table `orgel_windlade`
--

LOCK TABLES `orgel_windlade` WRITE;
/*!40000 ALTER TABLE `orgel_windlade` DISABLE KEYS */;
INSERT INTO `orgel_windlade` (`ow_id`, `ow_name`) VALUES (1,'Schleiflade'),(2,'Kegellade'),(3,'Taschenlade'),(4,'Springlade');
/*!40000 ALTER TABLE `orgel_windlade` ENABLE KEYS */;
UNLOCK TABLES;

--
-- Table structure for table `projekt`
--

DROP TABLE IF EXISTS `projekt`;
/*!40101 SET @saved_cs_client     = @@character_set_client */;
/*!40101 SET character_set_client = utf8 */;
CREATE TABLE `projekt` (
  `proj_id` int(10) NOT NULL AUTO_INCREMENT,
  `proj_bezeichnung` varchar(200) NOT NULL,
  `proj_beschreibung` varchar(500) NOT NULL,
  `proj_start` date NOT NULL,
  `proj_ende` date NOT NULL,
  `g_id` int(10) NOT NULL,
  `proj_geloescht` int(11) NOT NULL,
  `proj_archivdatum` datetime NOT NULL,
  `proj_archiviert` int(1) NOT NULL,
  `proj_angebotspreis` double(10,2) NOT NULL,
  `proj_keinezeitenfuer` varchar(255) NOT NULL,
  `proj_sortierung` int(11) NOT NULL,
  `proj_lastchange` datetime NOT NULL,
  `proj_createdate` datetime NOT NULL,
  PRIMARY KEY (`proj_id`)
) ENGINE=MyISAM AUTO_INCREMENT=11 DEFAULT CHARSET=utf8;
/*!40101 SET character_set_client = @saved_cs_client */;

--
-- Dumping data for table `projekt`
--

LOCK TABLES `projekt` WRITE;
/*!40000 ALTER TABLE `projekt` DISABLE KEYS */;
INSERT INTO `projekt` (`proj_id`, `proj_bezeichnung`, `proj_beschreibung`, `proj_start`, `proj_ende`, `g_id`, `proj_geloescht`, `proj_archivdatum`, `proj_archiviert`, `proj_angebotspreis`, `proj_keinezeitenfuer`, `proj_sortierung`, `proj_lastchange`, `proj_createdate`) VALUES (1,'Orgelbau Testprojekt','','2015-01-20','2017-12-31',1,0,'2016-11-21 14:45:06',0,10000.00,'1,',0,'2019-01-17 09:30:17','2011-11-24 10:03:12'),(2,'Renovierung','','2016-01-01','2017-12-31',2,0,'0000-00-00 00:00:00',0,100000.00,'',1,'2016-11-01 13:19:28','2016-11-01 13:19:28'),(3,'Stadtkirche Schwabach','','2016-10-03','2016-11-26',35,0,'2016-11-21 14:40:11',0,10000.00,'2,5,',0,'2016-11-21 14:40:17','2016-11-21 14:39:52'),(4,'Kunming','','2017-03-08','2018-12-24',37,0,'2017-03-07 13:27:02',0,1000000.00,'',0,'2017-05-23 16:20:13','2017-03-07 13:26:43'),(5,'Neubau','neu','2017-05-01','2017-05-31',2,0,'0000-00-00 00:00:00',0,100000.00,'',0,'2017-05-23 16:22:30','2017-05-23 16:22:30'),(6,'Projekt Lukas','Orgel bauen','1970-01-01','1970-01-01',13,0,'2017-05-23 16:24:08',0,340000.00,'1,3,586,',0,'2017-05-23 16:24:08','2017-05-23 16:23:49'),(7,'xy','','1970-01-01','1970-01-01',2,1,'2017-05-23 16:25:58',1,0.00,'',0,'2017-05-23 16:26:15','2017-05-23 16:24:02'),(8,'gmh','','2018-02-08','2018-02-13',33,0,'0000-00-00 00:00:00',0,10.00,'',0,'2018-02-25 17:06:11','2018-02-25 17:06:11'),(9,'Dispositionsr','Radjksfhlakjsdfh\r\nasdlfkjhalsd\r\nal','2019-01-02','2019-03-30',41,0,'2018-07-20 13:22:40',0,90560.65,'',0,'2018-07-20 13:22:40','2018-07-20 13:18:50'),(10,'Domgemeinde','','2018-12-31','2019-03-15',2,0,'2018-12-10 21:52:01',0,10000.00,'586,',0,'2018-12-10 21:52:36','2018-12-10 21:50:54');
/*!40000 ALTER TABLE `projekt` ENABLE KEYS */;
UNLOCK TABLES;

--
-- Table structure for table `projekt_aufgabe`
--

DROP TABLE IF EXISTS `projekt_aufgabe`;
/*!40101 SET @saved_cs_client     = @@character_set_client */;
/*!40101 SET character_set_client = utf8 */;
CREATE TABLE `projekt_aufgabe` (
  `proj_id` int(10) NOT NULL,
  `au_id` int(10) NOT NULL,
  `pa_plankosten` double(10,2) NOT NULL,
  `pa_lastchange` datetime NOT NULL,
  `pa_createdate` datetime NOT NULL,
  PRIMARY KEY (`proj_id`,`au_id`)
) ENGINE=MyISAM DEFAULT CHARSET=utf8;
/*!40101 SET character_set_client = @saved_cs_client */;

--
-- Dumping data for table `projekt_aufgabe`
--

LOCK TABLES `projekt_aufgabe` WRITE;
/*!40000 ALTER TABLE `projekt_aufgabe` DISABLE KEYS */;
INSERT INTO `projekt_aufgabe` (`proj_id`, `au_id`, `pa_plankosten`, `pa_lastchange`, `pa_createdate`) VALUES (1,220,0.00,'0000-00-00 00:00:00','2019-01-17 09:30:17'),(2,116,0.00,'0000-00-00 00:00:00','2016-11-01 13:19:28'),(1,163,1500.00,'0000-00-00 00:00:00','2019-01-17 09:30:17'),(2,259,0.00,'0000-00-00 00:00:00','2016-11-01 13:19:28'),(2,220,0.00,'0000-00-00 00:00:00','2016-11-01 13:19:28'),(2,163,0.00,'0000-00-00 00:00:00','2016-11-01 13:19:28'),(2,98,0.00,'0000-00-00 00:00:00','2016-11-01 13:19:28'),(2,241,0.00,'0000-00-00 00:00:00','2016-11-01 13:19:28'),(2,66,0.00,'0000-00-00 00:00:00','2016-11-01 13:19:28'),(2,169,0.00,'0000-00-00 00:00:00','2016-11-01 13:19:28'),(2,127,0.00,'0000-00-00 00:00:00','2016-11-01 13:19:28'),(2,180,0.00,'0000-00-00 00:00:00','2016-11-01 13:19:28'),(2,124,0.00,'0000-00-00 00:00:00','2016-11-01 13:19:28'),(2,132,0.00,'0000-00-00 00:00:00','2016-11-01 13:19:28'),(2,64,0.00,'0000-00-00 00:00:00','2016-11-01 13:19:28'),(2,80,0.00,'0000-00-00 00:00:00','2016-11-01 13:19:28'),(2,178,0.00,'0000-00-00 00:00:00','2016-11-01 13:19:28'),(2,214,0.00,'0000-00-00 00:00:00','2016-11-01 13:19:28'),(2,250,0.00,'0000-00-00 00:00:00','2016-11-01 13:19:28'),(2,89,0.00,'0000-00-00 00:00:00','2016-11-01 13:19:28'),(2,107,0.00,'0000-00-00 00:00:00','2016-11-01 13:19:28'),(3,163,1000.00,'0000-00-00 00:00:00','2016-11-21 14:40:17'),(3,127,1000.00,'0000-00-00 00:00:00','2016-11-21 14:40:17'),(3,64,1000.00,'0000-00-00 00:00:00','2016-11-21 14:40:17'),(3,89,1000.00,'0000-00-00 00:00:00','2016-11-21 14:40:17'),(3,107,1000.00,'0000-00-00 00:00:00','2016-11-21 14:40:17'),(1,98,700.00,'0000-00-00 00:00:00','2019-01-17 09:30:17'),(4,107,0.00,'0000-00-00 00:00:00','2017-05-23 16:20:13'),(4,89,0.00,'0000-00-00 00:00:00','2017-05-23 16:20:13'),(4,250,0.00,'0000-00-00 00:00:00','2017-05-23 16:20:13'),(4,214,0.00,'0000-00-00 00:00:00','2017-05-23 16:20:13'),(4,178,0.00,'0000-00-00 00:00:00','2017-05-23 16:20:13'),(4,241,48.00,'0000-00-00 00:00:00','2017-05-23 16:20:13'),(4,80,785.00,'0000-00-00 00:00:00','2017-05-23 16:20:13'),(4,64,755.00,'0000-00-00 00:00:00','2017-05-23 16:20:13'),(4,132,30000.00,'0000-00-00 00:00:00','2017-05-23 16:20:13'),(4,124,4865.00,'0000-00-00 00:00:00','2017-05-23 16:20:13'),(4,180,1685.00,'0000-00-00 00:00:00','2017-05-23 16:20:13'),(4,127,168.00,'0000-00-00 00:00:00','2017-05-23 16:20:13'),(4,169,16385.00,'0000-00-00 00:00:00','2017-05-23 16:20:13'),(4,66,138.00,'0000-00-00 00:00:00','2017-05-23 16:20:13'),(4,98,5318.00,'0000-00-00 00:00:00','2017-05-23 16:20:13'),(4,163,3541.00,'0000-00-00 00:00:00','2017-05-23 16:20:13'),(4,220,26326.00,'0000-00-00 00:00:00','2017-05-23 16:20:13'),(4,259,32623.00,'0000-00-00 00:00:00','2017-05-23 16:20:13'),(4,116,35.00,'0000-00-00 00:00:00','2017-05-23 16:20:13'),(6,259,200.00,'0000-00-00 00:00:00','2017-05-23 16:24:08'),(6,178,30.00,'0000-00-00 00:00:00','2017-05-23 16:24:08'),(6,180,10.00,'0000-00-00 00:00:00','2017-05-23 16:24:08'),(6,214,40.00,'0000-00-00 00:00:00','2017-05-23 16:24:08'),(6,80,20.00,'0000-00-00 00:00:00','2017-05-23 16:24:08'),(6,163,10.00,'0000-00-00 00:00:00','2017-05-23 16:24:08'),(7,116,0.00,'0000-00-00 00:00:00','2017-05-23 16:24:11'),(7,259,0.00,'0000-00-00 00:00:00','2017-05-23 16:24:11'),(7,220,0.00,'0000-00-00 00:00:00','2017-05-23 16:24:11'),(9,214,80000.00,'0000-00-00 00:00:00','2018-07-20 13:22:40'),(10,250,10000.00,'0000-00-00 00:00:00','2018-12-10 21:52:36'),(10,169,1000.00,'0000-00-00 00:00:00','2018-12-10 21:52:36'),(10,163,5000.00,'0000-00-00 00:00:00','2018-12-10 21:52:36'),(10,116,1000.00,'0000-00-00 00:00:00','2018-12-10 21:52:36'),(10,98,2000.00,'0000-00-00 00:00:00','2018-12-10 21:52:36'),(10,66,2000.00,'0000-00-00 00:00:00','2018-12-10 21:52:36'),(1,66,0.00,'0000-00-00 00:00:00','2019-01-17 09:30:17'),(1,64,3000.00,'0000-00-00 00:00:00','2019-01-17 09:30:17');
/*!40000 ALTER TABLE `projekt_aufgabe` ENABLE KEYS */;
UNLOCK TABLES;

--
-- Table structure for table `projekt_rechnung`
--

DROP TABLE IF EXISTS `projekt_rechnung`;
/*!40101 SET @saved_cs_client     = @@character_set_client */;
/*!40101 SET character_set_client = utf8 */;
CREATE TABLE `projekt_rechnung` (
  `pr_id` int(10) NOT NULL AUTO_INCREMENT,
  `proj_id` int(10) NOT NULL,
  `pa_id` int(10) NOT NULL,
  `pr_nummer` varchar(100) NOT NULL,
  `pr_datum` date NOT NULL,
  `pr_kommentar` text NOT NULL,
  `pr_betrag` double(10,2) NOT NULL,
  `pr_lieferant` varchar(100) NOT NULL,
  `pr_lastchange` datetime NOT NULL,
  `pr_createdate` datetime NOT NULL,
  PRIMARY KEY (`pr_id`)
) ENGINE=MyISAM AUTO_INCREMENT=12 DEFAULT CHARSET=utf8;
/*!40101 SET character_set_client = @saved_cs_client */;

--
-- Dumping data for table `projekt_rechnung`
--

LOCK TABLES `projekt_rechnung` WRITE;
/*!40000 ALTER TABLE `projekt_rechnung` DISABLE KEYS */;
INSERT INTO `projekt_rechnung` (`pr_id`, `proj_id`, `pa_id`, `pr_nummer`, `pr_datum`, `pr_kommentar`, `pr_betrag`, `pr_lieferant`, `pr_lastchange`, `pr_createdate`) VALUES (1,1,163,'1','2016-11-01','Holz',100.00,'Müller','2016-11-01 13:02:41','2016-11-01 13:02:41'),(6,3,89,'','2016-11-15','',2000.00,'','2016-11-21 14:42:54','2016-11-21 14:42:54'),(5,3,64,'','2016-11-08','',1000.00,'','2016-11-21 14:42:43','2016-11-21 14:42:24'),(7,2,66,'','1970-01-01','',0.00,'','2017-03-03 16:48:40','2017-03-03 16:48:40'),(8,2,116,'','1970-01-01','',50000.00,'','2017-03-03 16:48:50','2017-03-03 16:48:50'),(9,2,116,'','1970-01-01','',0.00,'','2017-03-03 16:48:51','2017-03-03 16:48:51'),(10,2,116,'','1970-01-01','',0.00,'','2017-03-03 16:48:56','2017-03-03 16:48:56'),(11,10,116,'','1970-01-01','Rasterpfosten',500.00,'Laukhuff','2018-12-10 21:53:10','2018-12-10 21:53:10');
/*!40000 ALTER TABLE `projekt_rechnung` ENABLE KEYS */;
UNLOCK TABLES;

--
-- Table structure for table `rechnung_abschlag`
--

DROP TABLE IF EXISTS `rechnung_abschlag`;
/*!40101 SET @saved_cs_client     = @@character_set_client */;
/*!40101 SET character_set_client = utf8 */;
CREATE TABLE `rechnung_abschlag` (
  `ra_id` int(11) NOT NULL AUTO_INCREMENT,
  `g_id` int(10) NOT NULL,
  `ra_nummer` varchar(11) NOT NULL,
  `ra_abschlagsatz` double(10,2) NOT NULL,
  `ra_anr` int(11) NOT NULL,
  `re_id` int(10) NOT NULL DEFAULT '0',
  `ra_datum` date NOT NULL,
  `ra_zieldatum` date NOT NULL,
  `ra_titel` varchar(200) NOT NULL,
  `ra_einleitung` varchar(500) NOT NULL,
  `ra_gesamtnetto` double(10,2) NOT NULL,
  `ra_gesamtmwst` double(10,2) NOT NULL,
  `ra_gesamtbrutto` double(10,2) NOT NULL,
  `ra_nettobetrag` double(10,2) NOT NULL,
  `ra_bruttobetrag` double(10,2) NOT NULL,
  `ra_mwst` double(10,2) NOT NULL,
  `ra_mwstsatz` double(3,2) NOT NULL,
  `ra_eingangsdatum` date NOT NULL,
  `ra_eingangsbetrag` double(10,2) NOT NULL,
  `ra_eingangsanmerkung` varchar(255) NOT NULL,
  `ra_lastchange` datetime NOT NULL,
  `ra_createdate` datetime NOT NULL,
  PRIMARY KEY (`ra_id`)
) ENGINE=MyISAM AUTO_INCREMENT=6 DEFAULT CHARSET=utf8;
/*!40101 SET character_set_client = @saved_cs_client */;

--
-- Dumping data for table `rechnung_abschlag`
--

LOCK TABLES `rechnung_abschlag` WRITE;
/*!40000 ALTER TABLE `rechnung_abschlag` DISABLE KEYS */;
INSERT INTO `rechnung_abschlag` (`ra_id`, `g_id`, `ra_nummer`, `ra_abschlagsatz`, `ra_anr`, `re_id`, `ra_datum`, `ra_zieldatum`, `ra_titel`, `ra_einleitung`, `ra_gesamtnetto`, `ra_gesamtmwst`, `ra_gesamtbrutto`, `ra_nettobetrag`, `ra_bruttobetrag`, `ra_mwst`, `ra_mwstsatz`, `ra_eingangsdatum`, `ra_eingangsbetrag`, `ra_eingangsanmerkung`, `ra_lastchange`, `ra_createdate`) VALUES (1,0,'5/16',30.00,1,0,'2016-11-21','2016-12-05','','',10.00,1.90,11.90,3.00,3.57,0.57,0.19,'0000-00-00',0.00,'','2016-11-21 14:22:23','2016-11-21 14:22:23'),(2,7,'6/16',30.00,1,1,'2016-11-30','2016-12-14','','',10000.00,1900.00,11900.00,3000.00,3570.00,570.00,0.19,'0000-00-00',0.00,'','2016-11-30 09:38:31','2016-11-30 09:38:31'),(3,7,'7/16',30.00,2,1,'2016-11-30','2016-12-14','','',10000.00,1900.00,11900.00,3000.00,3570.00,570.00,0.19,'0000-00-00',0.00,'','2016-11-30 09:39:04','2016-11-30 09:39:04'),(4,7,'8/16',10.00,3,1,'2016-11-30','2016-12-14','','',10000.00,1900.00,11900.00,1000.00,1190.00,190.00,0.19,'2017-01-27',1190.00,'','2017-01-27 18:11:45','2016-11-30 09:39:26'),(5,0,'9/18',0.00,1,0,'2018-12-10','2018-12-24','','',0.00,0.00,0.00,0.00,0.00,0.00,0.19,'0000-00-00',0.00,'','2018-12-10 22:12:28','2018-12-10 22:12:28');
/*!40000 ALTER TABLE `rechnung_abschlag` ENABLE KEYS */;
UNLOCK TABLES;

--
-- Table structure for table `rechnung_end`
--

DROP TABLE IF EXISTS `rechnung_end`;
/*!40101 SET @saved_cs_client     = @@character_set_client */;
/*!40101 SET character_set_client = utf8 */;
CREATE TABLE `rechnung_end` (
  `re_id` int(11) NOT NULL AUTO_INCREMENT,
  `g_id` int(10) NOT NULL,
  `re_nummer` varchar(50) NOT NULL,
  `re_datum` date NOT NULL,
  `re_zieldatum` date NOT NULL,
  `re_ra1` int(10) NOT NULL,
  `re_ra2` int(10) NOT NULL,
  `re_ra3` int(10) NOT NULL,
  `re_titel` varchar(500) NOT NULL,
  `re_text` varchar(500) NOT NULL,
  `re_gesamtnetto` double(10,2) NOT NULL,
  `re_gesamtbrutto` double(10,2) NOT NULL,
  `re_gesamtmwst` double(10,2) NOT NULL,
  `re_bruttobetrag` double(10,2) NOT NULL,
  `re_mwst` double(10,2) NOT NULL,
  `re_mwstsatz` double(3,2) NOT NULL,
  `re_nettobetrag` double(10,2) NOT NULL,
  `re_eingangsdatum` date NOT NULL,
  `re_eingangsbetrag` double(10,2) NOT NULL,
  `re_eingangsanmerkung` varchar(255) NOT NULL,
  `re_restbetrag` double(10,2) NOT NULL,
  `re_lastchange` datetime NOT NULL,
  `re_createdate` datetime NOT NULL,
  PRIMARY KEY (`re_id`)
) ENGINE=MyISAM AUTO_INCREMENT=2 DEFAULT CHARSET=utf8;
/*!40101 SET character_set_client = @saved_cs_client */;

--
-- Dumping data for table `rechnung_end`
--

LOCK TABLES `rechnung_end` WRITE;
/*!40000 ALTER TABLE `rechnung_end` DISABLE KEYS */;
INSERT INTO `rechnung_end` (`re_id`, `g_id`, `re_nummer`, `re_datum`, `re_zieldatum`, `re_ra1`, `re_ra2`, `re_ra3`, `re_titel`, `re_text`, `re_gesamtnetto`, `re_gesamtbrutto`, `re_gesamtmwst`, `re_bruttobetrag`, `re_mwst`, `re_mwstsatz`, `re_nettobetrag`, `re_eingangsdatum`, `re_eingangsbetrag`, `re_eingangsanmerkung`, `re_restbetrag`, `re_lastchange`, `re_createdate`) VALUES (1,7,'9/16','2016-11-30','2016-12-14',0,0,0,'','',10000.00,11900.00,1900.00,3570.00,570.00,0.19,3000.00,'0000-00-00',0.00,'',0.00,'2016-11-30 09:39:42','2016-11-30 09:39:42');
/*!40000 ALTER TABLE `rechnung_end` ENABLE KEYS */;
UNLOCK TABLES;

--
-- Table structure for table `rechnung_pflege`
--

DROP TABLE IF EXISTS `rechnung_pflege`;
/*!40101 SET @saved_cs_client     = @@character_set_client */;
/*!40101 SET character_set_client = utf8 */;
CREATE TABLE `rechnung_pflege` (
  `rp_id` int(11) NOT NULL AUTO_INCREMENT,
  `rp_nummer` varchar(11) NOT NULL,
  `rp_text1` varchar(500) NOT NULL,
  `rp_pos1` varchar(200) NOT NULL,
  `rp_pos2` varchar(200) NOT NULL,
  `rp_pos3` varchar(200) NOT NULL,
  `rp_pos4` varchar(200) NOT NULL,
  `rp_pos5` varchar(200) NOT NULL,
  `rp_pos6` varchar(200) NOT NULL,
  `rp_pos7` varchar(200) NOT NULL,
  `rp_pos8` varchar(200) NOT NULL,
  `rp_pos9` varchar(200) NOT NULL,
  `rp_pos10` varchar(200) NOT NULL,
  `rp_text2` varchar(500) NOT NULL,
  `rp_nettobetrag` double(10,2) NOT NULL,
  `rp_bruttobetrag` double(10,2) NOT NULL,
  `rp_mwst` double(10,2) NOT NULL,
  `rp_mwstsatz` double(3,2) NOT NULL,
  `rp_betrag` varchar(10) NOT NULL,
  `rp_pflegekosten` double(10,2) NOT NULL,
  `rp_fahrtkosten` double(10,2) NOT NULL,
  `rp_eingangsbetrag` double(10,2) NOT NULL,
  `rp_eingangsdatum` date NOT NULL,
  `rp_eingangsanmerkung` varchar(255) NOT NULL,
  `g_id` int(10) NOT NULL,
  `rp_datum` date NOT NULL,
  `rp_zieldatum` date NOT NULL,
  `rp_lastchange` datetime NOT NULL,
  `rp_createdate` datetime NOT NULL,
  PRIMARY KEY (`rp_id`)
) ENGINE=MyISAM AUTO_INCREMENT=51 DEFAULT CHARSET=utf8;
/*!40101 SET character_set_client = @saved_cs_client */;

--
-- Dumping data for table `rechnung_pflege`
--

LOCK TABLES `rechnung_pflege` WRITE;
/*!40000 ALTER TABLE `rechnung_pflege` DISABLE KEYS */;
INSERT INTO `rechnung_pflege` (`rp_id`, `rp_nummer`, `rp_text1`, `rp_pos1`, `rp_pos2`, `rp_pos3`, `rp_pos4`, `rp_pos5`, `rp_pos6`, `rp_pos7`, `rp_pos8`, `rp_pos9`, `rp_pos10`, `rp_text2`, `rp_nettobetrag`, `rp_bruttobetrag`, `rp_mwst`, `rp_mwstsatz`, `rp_betrag`, `rp_pflegekosten`, `rp_fahrtkosten`, `rp_eingangsbetrag`, `rp_eingangsdatum`, `rp_eingangsanmerkung`, `g_id`, `rp_datum`, `rp_zieldatum`, `rp_lastchange`, `rp_createdate`) VALUES (1,'100/16','Einleitung','','','','','','','','','','','Schluss',439.00,522.41,83.41,0.19,'',405.00,34.00,0.00,'0000-00-00','',0,'2016-01-02','2016-01-02','2016-11-01 12:34:57','2016-11-01 12:34:57'),(2,'101/16','Einleitung','','','','','','','','','','','Schluss',67.00,79.73,12.73,0.19,'',28.00,39.00,0.00,'0000-00-00','',19,'2016-01-05','2016-01-05','2016-11-01 12:34:57','2016-11-01 12:34:57'),(3,'102/16','Einleitung','','','','','','','','','','','Schluss',129.00,153.51,24.51,0.19,'',126.00,3.00,0.00,'0000-00-00','',18,'2016-01-17','2016-01-17','2016-11-01 12:34:57','2016-11-01 12:34:57'),(4,'103/16','Einleitung','','','','','','','','','','','Schluss',951.00,1131.69,180.69,0.19,'',917.00,34.00,0.00,'0000-00-00','',33,'2016-02-07','2016-02-07','2016-11-01 12:34:57','2016-11-01 12:34:57'),(5,'104/16','Einleitung','','','','','','','','','','','Schluss',604.00,718.76,114.76,0.19,'',594.00,10.00,0.00,'0000-00-00','',3,'2016-03-06','2016-03-06','2016-11-01 12:34:57','2016-11-01 12:34:57'),(6,'105/16','Einleitung','','','','','','','','','','','Schluss',237.00,282.03,45.03,0.19,'',187.00,50.00,0.00,'0000-00-00','',8,'2016-03-07','2016-03-07','2016-11-01 12:34:57','2016-11-01 12:34:57'),(7,'106/16','Einleitung','','','','','','','','','','','Schluss',214.00,254.66,40.66,0.19,'',167.00,47.00,0.00,'0000-00-00','',12,'2016-04-12','2016-04-12','2016-11-01 12:34:57','2016-11-01 12:34:57'),(8,'107/16','Einleitung','','','','','','','','','','','Schluss',658.00,783.02,125.02,0.19,'',649.00,9.00,0.00,'0000-00-00','',22,'2016-04-19','2016-04-19','2016-11-01 12:34:57','2016-11-01 12:34:57'),(9,'108/16','Einleitung','','','','','','','','','','','Schluss',773.00,919.87,146.87,0.19,'',769.00,4.00,0.00,'0000-00-00','',6,'2016-04-20','2016-04-20','2016-11-01 12:34:57','2016-11-01 12:34:57'),(10,'109/16','Einleitung','','','','','','','','','','','Schluss',912.00,1085.28,173.28,0.19,'',896.00,16.00,0.00,'0000-00-00','',30,'2016-04-24','2016-04-24','2016-11-01 12:34:57','2016-11-01 12:34:57'),(11,'110/16','Einleitung','','','','','','','','','','','Schluss',400.00,476.00,76.00,0.19,'',365.00,35.00,0.00,'0000-00-00','',16,'2016-04-28','2016-04-28','2016-11-01 12:34:57','2016-11-01 12:34:57'),(12,'111/16','Einleitung','','','','','','','','','','','Schluss',865.00,1029.35,164.35,0.19,'',860.00,5.00,0.00,'0000-00-00','',9,'2016-04-30','2016-04-30','2016-11-01 12:34:57','2016-11-01 12:34:57'),(13,'112/16','Einleitung','','','','','','','','','','','Schluss',498.00,592.62,94.62,0.19,'',497.00,1.00,0.00,'0000-00-00','',21,'2016-05-01','2016-05-01','2016-11-01 12:34:57','2016-11-01 12:34:57'),(14,'113/16','Einleitung','','','','','','','','','','','Schluss',223.00,265.37,42.37,0.19,'',203.00,20.00,0.00,'0000-00-00','',13,'2016-05-14','2016-05-14','2016-11-01 12:34:57','2016-11-01 12:34:57'),(15,'114/16','Einleitung','','','','','','','','','','','Schluss',60.00,71.40,11.40,0.19,'',58.00,2.00,0.00,'0000-00-00','',23,'2016-06-25','2016-06-25','2016-11-01 12:34:57','2016-11-01 12:34:57'),(16,'115/16','Einleitung','','','','','','','','','','','Schluss',66.00,78.54,12.54,0.19,'',56.00,10.00,0.00,'0000-00-00','',27,'2016-06-26','2016-06-26','2016-11-01 12:34:57','2016-11-01 12:34:57'),(17,'116/16','Einleitung','','','','','','','','','','','Schluss',126.00,149.94,23.94,0.19,'',77.00,49.00,0.00,'0000-00-00','',24,'2016-07-03','2016-07-03','2016-11-01 12:34:57','2016-11-01 12:34:57'),(18,'117/16','Einleitung','','','','','','','','','','','Schluss',422.00,502.18,80.18,0.19,'',406.00,16.00,0.00,'0000-00-00','',17,'2016-07-10','2016-07-10','2016-11-01 12:34:57','2016-11-01 12:34:57'),(19,'118/16','Einleitung','','','','','','','','','','','Schluss',701.00,834.19,133.19,0.19,'',693.00,8.00,0.00,'0000-00-00','',15,'2016-07-26','2016-07-26','2016-11-01 12:34:57','2016-11-01 12:34:57'),(20,'119/16','Einleitung','','','','','','','','','','','Schluss',794.00,944.86,150.86,0.19,'',780.00,14.00,0.00,'0000-00-00','',10,'2016-07-30','2016-07-30','2016-11-01 12:34:57','2016-11-01 12:34:57'),(21,'120/16','Einleitung','','','','','','','','','','','Schluss',899.00,1069.81,170.81,0.19,'',864.00,35.00,0.00,'0000-00-00','',31,'2016-08-05','2016-08-05','2016-11-01 12:34:57','2016-11-01 12:34:57'),(22,'121/16','Einleitung','','','','','','','','','','','Schluss',180.00,214.20,34.20,0.19,'',145.00,35.00,0.00,'0000-00-00','',14,'2016-08-14','2016-08-14','2016-11-01 12:34:57','2016-11-01 12:34:57'),(23,'122/16','Einleitung','','','','','','','','','','','Schluss',883.00,1050.77,167.77,0.19,'',860.00,23.00,0.00,'0000-00-00','',20,'2016-09-08','2016-09-08','2016-11-01 12:34:57','2016-11-01 12:34:57'),(24,'123/16','Einleitung','','','','','','','','','','','Schluss',741.00,881.79,140.79,0.19,'',702.00,39.00,881.79,'2016-11-08','',2,'2016-10-22','2016-10-22','2016-11-21 14:16:13','2016-11-01 12:34:57'),(36,'132/16','Standardtext Pflegevertrag kann in den Einstellungen geändert werden','','','','','','','','','','','',609.00,724.71,115.71,0.19,'',599.00,10.00,724.71,'2016-11-12','Rechnungsbetrag voll bezahlt',3,'2016-11-12','2016-11-26','2016-11-12 12:03:38','2016-11-12 12:03:06'),(39,'4/16','Standardtext Pflegevertrag kann in den Einstellungen geändert werden','','','','','','','','','','','',120.00,142.80,22.80,0.19,'',100.00,20.00,0.00,'0000-00-00','',36,'2016-11-26','2016-12-10','2016-11-26 09:30:16','2016-11-26 09:30:16'),(40,'5/16','Standardtext Pflegevertrag kann in den Einstellungen geändert werden','','','','','','','','','','','',876.00,1042.44,166.44,0.19,'',870.00,6.00,0.00,'0000-00-00','',9,'2016-11-27','2016-12-11','2016-11-27 11:11:55','2016-11-27 11:11:55'),(37,'001/16','asdasd','','','','','','','','','','','schluss',0.00,0.00,0.00,0.19,'',0.00,0.00,0.00,'0000-00-00','',15,'2016-11-21','2016-12-05','2016-11-21 14:18:41','2016-11-21 14:18:41'),(34,'130/16','','','','','','','','','','','','',701.00,834.19,133.19,0.19,'',693.00,8.00,800.00,'2016-11-12','Fahrtkosten nicht bez.',15,'2016-11-11','2016-11-25','2017-07-28 08:35:45','2016-11-11 23:38:32'),(38,'3/16','Standardtext Pflegevertrag kann in den Einstellungen geändert werden','','','','','','','','','','','',0.00,0.00,0.00,0.19,'',0.00,0.00,0.00,'0000-00-00','',2,'2016-11-21','2016-12-05','2016-11-21 14:32:51','2016-11-21 14:32:51'),(41,'10/17','Standardtext Pflegevertrag kann in den Einstellungen ge&auml;ndert werden','','','','','','','','','','','',120.00,142.80,22.80,0.19,'',100.00,20.00,0.00,'0000-00-00','',36,'2017-01-27','2017-02-10','2017-01-27 18:09:11','2017-01-27 18:09:11'),(42,'11/17','','','','','','','','','','','','',3.00,3.57,0.57,0.19,'',1.00,2.00,3.57,'2017-01-27','',36,'2017-01-27','2017-02-10','2017-01-27 18:11:42','2017-01-27 18:09:59'),(43,'12/17','','','','','','','','','','','','',3.00,3.57,0.57,0.19,'',1.00,2.00,0.00,'0000-00-00','',0,'2017-01-27','2017-02-10','2017-01-27 19:37:20','2017-01-27 19:37:20'),(44,'13/17','Orgelpflege im M','','','','','','','','','','','',242.00,287.98,45.98,0.19,'',200.00,42.00,0.00,'0000-00-00','',0,'2017-03-06','2017-03-20','2017-03-06 12:49:39','2017-03-06 12:49:39'),(45,'14/17','Standardtext Pflegevertrag kann in den Einstellungen ge&auml;ndert werden','','','','','','','','','','','',180.00,214.20,34.20,0.19,'',145.00,35.00,0.00,'0000-00-00','',14,'2017-03-07','2017-03-21','2017-03-07 13:23:59','2017-03-07 13:23:59'),(46,'15/17','','','','','','','','','','','','',441.00,524.79,83.79,0.19,'',252.00,189.00,0.00,'0000-00-00','',7,'2017-06-14','2017-06-28','2017-06-14 10:21:43','2017-06-14 10:21:43'),(47,'16/18','Standardtext Pflegevertrag kann in den Einstellungen ge&auml;ndert werden','','','','','','','','','','','Vielen Dank f',1200.00,1428.00,228.00,0.19,'',1000.00,200.00,0.00,'0000-00-00','',18,'2018-06-21','2018-07-05','2018-06-21 20:20:42','2018-06-21 20:20:42'),(48,'18/18','Standardtext Pflegevertrag kann in den Einstellungen ge&auml;ndert werden','','','','','','','','','','','',200.00,238.00,38.00,0.19,'',100.00,100.00,0.00,'0000-00-00','',36,'2018-12-10','2018-12-24','2018-12-10 22:07:26','2018-12-10 22:07:26'),(49,'19/19','','','','','','','','','','','','',0.00,0.00,0.00,0.19,'',0.00,0.00,0.00,'0000-00-00','',0,'2019-01-15','2019-01-29','2019-01-15 09:34:36','2019-01-15 09:34:36'),(50,'20/19','','','','','','','','','','','','',0.00,0.00,0.00,0.19,'',0.00,0.00,0.00,'0000-00-00','',16,'2019-01-17','2019-01-31','2019-01-17 09:44:36','2019-01-17 09:44:36');
/*!40000 ALTER TABLE `rechnung_pflege` ENABLE KEYS */;
UNLOCK TABLES;

--
-- Table structure for table `rechnung_position`
--

DROP TABLE IF EXISTS `rechnung_position`;
/*!40101 SET @saved_cs_client     = @@character_set_client */;
/*!40101 SET character_set_client = utf8 */;
CREATE TABLE `rechnung_position` (
  `rpos_id` int(11) NOT NULL AUTO_INCREMENT,
  `r_id` int(11) NOT NULL,
  `rpos_position` int(11) NOT NULL,
  `rpos_text` varchar(255) NOT NULL,
  `rpos_createdate` datetime NOT NULL,
  `rpos_lastchange` datetime NOT NULL,
  PRIMARY KEY (`rpos_id`)
) ENGINE=MyISAM AUTO_INCREMENT=269 DEFAULT CHARSET=utf8;
/*!40101 SET character_set_client = @saved_cs_client */;

--
-- Dumping data for table `rechnung_position`
--

LOCK TABLES `rechnung_position` WRITE;
/*!40000 ALTER TABLE `rechnung_position` DISABLE KEYS */;
INSERT INTO `rechnung_position` (`rpos_id`, `r_id`, `rpos_position`, `rpos_text`, `rpos_createdate`, `rpos_lastchange`) VALUES (1,1,1,'Orgel überprüft','2016-11-01 12:34:57','2016-11-01 12:34:57'),(2,1,2,'Motor geölt','2016-11-01 12:34:57','2016-11-01 12:34:57'),(3,1,3,'','2016-11-01 12:34:57','2016-11-01 12:34:57'),(4,1,4,'','2016-11-01 12:34:57','2016-11-01 12:34:57'),(5,1,5,'','2016-11-01 12:34:57','2016-11-01 12:34:57'),(6,1,6,'','2016-11-01 12:34:57','2016-11-01 12:34:57'),(7,1,7,'','2016-11-01 12:34:57','2016-11-01 12:34:57'),(8,1,8,'','2016-11-01 12:34:57','2016-11-01 12:34:57'),(9,1,9,'','2016-11-01 12:34:57','2016-11-01 12:34:57'),(10,1,10,'','2016-11-01 12:34:57','2016-11-01 12:34:57'),(11,35,1,'Motor geölt','2016-11-01 21:17:04','2016-11-01 21:17:04'),(12,35,2,'Winddruck geprüft','2016-11-01 21:17:04','2016-11-01 21:17:04'),(13,35,3,'','2016-11-01 21:17:04','2016-11-01 21:17:04'),(14,35,4,'','2016-11-01 21:17:04','2016-11-01 21:17:04'),(15,35,5,'','2016-11-01 21:17:04','2016-11-01 21:17:04'),(16,35,6,'','2016-11-01 21:17:04','2016-11-01 21:17:04'),(17,35,7,'','2016-11-01 21:17:04','2016-11-01 21:17:04'),(18,35,8,'','2016-11-01 21:17:04','2016-11-01 21:17:04'),(19,35,9,'','2016-11-01 21:17:04','2016-11-01 21:17:04'),(20,35,10,'','2016-11-01 21:17:04','2016-11-01 21:17:04'),(21,1,1,'','2016-11-04 21:23:51','2016-11-04 21:23:51'),(22,1,2,'','2016-11-04 21:23:51','2016-11-04 21:23:51'),(23,1,3,'','2016-11-04 21:23:51','2016-11-04 21:23:51'),(24,1,4,'','2016-11-04 21:23:51','2016-11-04 21:23:51'),(25,1,5,'','2016-11-04 21:23:51','2016-11-04 21:23:51'),(26,1,6,'','2016-11-04 21:23:51','2016-11-04 21:23:51'),(27,31,1,'Motor geölt','2016-11-11 22:25:19','2016-11-11 22:25:19'),(28,31,2,'Winddruck geprüft','2016-11-11 22:25:19','2016-11-11 22:25:19'),(29,31,3,'','2016-11-11 22:25:19','2016-11-11 22:25:19'),(30,31,4,'','2016-11-11 22:25:19','2016-11-11 22:25:19'),(31,31,5,'','2016-11-11 22:25:19','2016-11-11 22:25:19'),(32,31,6,'','2016-11-11 22:25:19','2016-11-11 22:25:19'),(33,31,7,'','2016-11-11 22:25:19','2016-11-11 22:25:19'),(34,31,8,'','2016-11-11 22:25:19','2016-11-11 22:25:19'),(35,31,9,'','2016-11-11 22:25:19','2016-11-11 22:25:19'),(36,31,10,'','2016-11-11 22:25:19','2016-11-11 22:25:19'),(37,32,1,'Motor geölt','2016-11-11 22:38:06','2016-11-11 22:38:06'),(38,32,2,'Winddruck geprüft','2016-11-11 22:38:06','2016-11-11 22:38:06'),(39,32,3,'','2016-11-11 22:38:06','2016-11-11 22:38:06'),(40,32,4,'','2016-11-11 22:38:06','2016-11-11 22:38:06'),(41,32,5,'','2016-11-11 22:38:06','2016-11-11 22:38:06'),(42,32,6,'','2016-11-11 22:38:06','2016-11-11 22:38:06'),(43,32,7,'','2016-11-11 22:38:06','2016-11-11 22:38:06'),(44,32,8,'','2016-11-11 22:38:06','2016-11-11 22:38:06'),(45,32,9,'','2016-11-11 22:38:06','2016-11-11 22:38:06'),(46,32,10,'','2016-11-11 22:38:06','2016-11-11 22:38:06'),(47,33,1,'Motor geölt','2016-11-11 22:57:22','2016-11-11 22:57:22'),(48,33,2,'Winddruck geprüft','2016-11-11 22:57:22','2016-11-11 22:57:22'),(49,33,3,'','2016-11-11 22:57:22','2016-11-11 22:57:22'),(50,33,4,'','2016-11-11 22:57:22','2016-11-11 22:57:22'),(51,33,5,'','2016-11-11 22:57:22','2016-11-11 22:57:22'),(52,33,6,'','2016-11-11 22:57:22','2016-11-11 22:57:22'),(53,33,7,'','2016-11-11 22:57:22','2016-11-11 22:57:22'),(54,33,8,'','2016-11-11 22:57:22','2016-11-11 22:57:22'),(55,33,9,'','2016-11-11 22:57:22','2016-11-11 22:57:22'),(56,33,10,'','2016-11-11 22:57:22','2016-11-11 22:57:22'),(57,34,1,'Motor geölt','2016-11-11 23:38:32','2016-11-11 23:38:32'),(58,34,2,'Winddruck geprüft','2016-11-11 23:38:32','2016-11-11 23:38:32'),(59,34,3,'','2016-11-11 23:38:32','2016-11-11 23:38:32'),(60,34,4,'','2016-11-11 23:38:32','2016-11-11 23:38:32'),(61,34,5,'','2016-11-11 23:38:32','2016-11-11 23:38:32'),(62,34,6,'','2016-11-11 23:38:32','2016-11-11 23:38:32'),(63,34,7,'','2016-11-11 23:38:32','2016-11-11 23:38:32'),(64,34,8,'','2016-11-11 23:38:32','2016-11-11 23:38:32'),(65,34,9,'','2016-11-11 23:38:32','2016-11-11 23:38:32'),(66,34,10,'','2016-11-11 23:38:32','2016-11-11 23:38:32'),(67,35,1,'Motor geölt','2016-11-12 10:22:55','2016-11-12 10:22:55'),(68,35,2,'Winddruck geprüft','2016-11-12 10:22:55','2016-11-12 10:22:55'),(69,35,3,'','2016-11-12 10:22:55','2016-11-12 10:22:55'),(70,35,4,'','2016-11-12 10:22:55','2016-11-12 10:22:55'),(71,35,5,'','2016-11-12 10:22:55','2016-11-12 10:22:55'),(72,35,6,'','2016-11-12 10:22:55','2016-11-12 10:22:55'),(73,35,7,'','2016-11-12 10:22:55','2016-11-12 10:22:55'),(74,35,8,'','2016-11-12 10:22:55','2016-11-12 10:22:55'),(75,35,9,'','2016-11-12 10:22:55','2016-11-12 10:22:55'),(76,35,10,'','2016-11-12 10:22:55','2016-11-12 10:22:55'),(77,36,1,'Motor geölt','2016-11-12 12:03:06','2016-11-12 12:03:06'),(78,36,2,'Winddruck geprüft','2016-11-12 12:03:06','2016-11-12 12:03:06'),(79,36,3,'','2016-11-12 12:03:06','2016-11-12 12:03:06'),(80,36,4,'','2016-11-12 12:03:06','2016-11-12 12:03:06'),(81,36,5,'','2016-11-12 12:03:06','2016-11-12 12:03:06'),(82,36,6,'','2016-11-12 12:03:06','2016-11-12 12:03:06'),(83,36,7,'','2016-11-12 12:03:06','2016-11-12 12:03:06'),(84,36,8,'','2016-11-12 12:03:06','2016-11-12 12:03:06'),(85,36,9,'','2016-11-12 12:03:06','2016-11-12 12:03:06'),(86,36,10,'','2016-11-12 12:03:06','2016-11-12 12:03:06'),(87,37,1,'Motor geölt','2016-11-21 14:18:41','2016-11-21 14:18:41'),(88,37,2,'Winddruck geprüft','2016-11-21 14:18:41','2016-11-21 14:18:41'),(89,37,3,'','2016-11-21 14:18:41','2016-11-21 14:18:41'),(90,37,4,'','2016-11-21 14:18:41','2016-11-21 14:18:41'),(91,37,5,'','2016-11-21 14:18:41','2016-11-21 14:18:41'),(92,37,6,'','2016-11-21 14:18:41','2016-11-21 14:18:41'),(93,37,7,'','2016-11-21 14:18:41','2016-11-21 14:18:41'),(94,37,8,'','2016-11-21 14:18:41','2016-11-21 14:18:41'),(95,37,9,'','2016-11-21 14:18:41','2016-11-21 14:18:41'),(96,37,10,'','2016-11-21 14:18:41','2016-11-21 14:18:41'),(97,2,1,'','2016-11-21 14:20:53','2016-11-21 14:20:53'),(98,2,2,'','2016-11-21 14:20:53','2016-11-21 14:20:53'),(99,2,3,'','2016-11-21 14:20:53','2016-11-21 14:20:53'),(100,2,4,'','2016-11-21 14:20:53','2016-11-21 14:20:53'),(101,2,5,'','2016-11-21 14:20:53','2016-11-21 14:20:53'),(102,2,6,'','2016-11-21 14:20:53','2016-11-21 14:20:53'),(103,38,1,'Motor geölt','2016-11-21 14:32:51','2016-11-21 14:32:51'),(104,38,2,'Winddruck geprüft','2016-11-21 14:32:51','2016-11-21 14:32:51'),(105,38,3,'','2016-11-21 14:32:51','2016-11-21 14:32:51'),(106,38,4,'','2016-11-21 14:32:51','2016-11-21 14:32:51'),(107,38,5,'','2016-11-21 14:32:51','2016-11-21 14:32:51'),(108,38,6,'','2016-11-21 14:32:51','2016-11-21 14:32:51'),(109,38,7,'','2016-11-21 14:32:51','2016-11-21 14:32:51'),(110,38,8,'','2016-11-21 14:32:51','2016-11-21 14:32:51'),(111,38,9,'','2016-11-21 14:32:51','2016-11-21 14:32:51'),(112,38,10,'','2016-11-21 14:32:51','2016-11-21 14:32:51'),(113,39,1,'Motor geölt','2016-11-26 09:30:16','2016-11-26 09:30:16'),(114,39,2,'Winddruck geprüft','2016-11-26 09:30:16','2016-11-26 09:30:16'),(115,39,3,'Wartung gemäß Vertrag','2016-11-26 09:30:16','2016-11-26 09:30:16'),(116,39,4,'','2016-11-26 09:30:16','2016-11-26 09:30:16'),(117,39,5,'','2016-11-26 09:30:16','2016-11-26 09:30:16'),(118,39,6,'','2016-11-26 09:30:16','2016-11-26 09:30:16'),(119,39,7,'','2016-11-26 09:30:16','2016-11-26 09:30:16'),(120,39,8,'','2016-11-26 09:30:16','2016-11-26 09:30:16'),(121,39,9,'','2016-11-26 09:30:16','2016-11-26 09:30:16'),(122,39,10,'','2016-11-26 09:30:16','2016-11-26 09:30:16'),(123,40,1,'Motor geölt','2016-11-27 11:11:55','2016-11-27 11:11:55'),(124,40,2,'Winddruck geprüft','2016-11-27 11:11:55','2016-11-27 11:11:55'),(125,40,3,'','2016-11-27 11:11:55','2016-11-27 11:11:55'),(126,40,4,'','2016-11-27 11:11:55','2016-11-27 11:11:55'),(127,40,5,'','2016-11-27 11:11:55','2016-11-27 11:11:55'),(128,40,6,'','2016-11-27 11:11:55','2016-11-27 11:11:55'),(129,40,7,'','2016-11-27 11:11:55','2016-11-27 11:11:55'),(130,40,8,'','2016-11-27 11:11:55','2016-11-27 11:11:55'),(131,40,9,'','2016-11-27 11:11:55','2016-11-27 11:11:55'),(132,40,10,'','2016-11-27 11:11:55','2016-11-27 11:11:55'),(133,3,1,'1. Standard Position für Stundenrechnungen','2016-11-29 19:03:39','2016-11-29 19:03:39'),(134,3,2,'','2016-11-29 19:03:40','2016-11-29 19:03:40'),(135,3,3,'','2016-11-29 19:03:40','2016-11-29 19:03:40'),(136,3,4,'','2016-11-29 19:03:40','2016-11-29 19:03:40'),(137,3,5,'','2016-11-29 19:03:40','2016-11-29 19:03:40'),(138,3,6,'','2016-11-29 19:03:40','2016-11-29 19:03:40'),(139,4,1,'1. Standard Position für Stundenrechnungen','2016-11-29 19:03:56','2016-11-29 19:03:56'),(140,4,2,'','2016-11-29 19:03:56','2016-11-29 19:03:56'),(141,4,3,'','2016-11-29 19:03:56','2016-11-29 19:03:56'),(142,4,4,'','2016-11-29 19:03:56','2016-11-29 19:03:56'),(143,4,5,'','2016-11-29 19:03:56','2016-11-29 19:03:56'),(144,4,6,'','2016-11-29 19:03:56','2016-11-29 19:03:56'),(145,5,1,'1. Standard Position für Stundenrechnungen','2016-11-29 19:04:15','2016-11-29 19:04:15'),(146,5,2,'','2016-11-29 19:04:15','2016-11-29 19:04:15'),(147,5,3,'','2016-11-29 19:04:15','2016-11-29 19:04:15'),(148,5,4,'','2016-11-29 19:04:15','2016-11-29 19:04:15'),(149,5,5,'','2016-11-29 19:04:15','2016-11-29 19:04:15'),(150,5,6,'','2016-11-29 19:04:15','2016-11-29 19:04:15'),(151,6,1,'1. Standard Position f','2017-01-18 13:51:56','2017-01-18 13:51:56'),(152,6,2,'','2017-01-18 13:51:56','2017-01-18 13:51:56'),(153,6,3,'','2017-01-18 13:51:56','2017-01-18 13:51:56'),(154,6,4,'','2017-01-18 13:51:56','2017-01-18 13:51:56'),(155,6,5,'','2017-01-18 13:51:56','2017-01-18 13:51:56'),(156,6,6,'','2017-01-18 13:51:56','2017-01-18 13:51:56'),(157,41,1,'Motor ge','2017-01-27 18:09:11','2017-01-27 18:09:11'),(158,41,2,'Winddruck gepr','2017-01-27 18:09:11','2017-01-27 18:09:11'),(159,41,3,'','2017-01-27 18:09:11','2017-01-27 18:09:11'),(160,41,4,'','2017-01-27 18:09:11','2017-01-27 18:09:11'),(161,41,5,'','2017-01-27 18:09:12','2017-01-27 18:09:11'),(162,41,6,'','2017-01-27 18:09:12','2017-01-27 18:09:11'),(163,41,7,'','2017-01-27 18:09:12','2017-01-27 18:09:11'),(164,41,8,'','2017-01-27 18:09:12','2017-01-27 18:09:11'),(165,41,9,'','2017-01-27 18:09:12','2017-01-27 18:09:11'),(166,41,10,'','2017-01-27 18:09:12','2017-01-27 18:09:11'),(167,42,1,'Motor ge','2017-01-27 18:09:59','2017-01-27 18:09:59'),(168,42,2,'Winddruck gepr','2017-01-27 18:09:59','2017-01-27 18:09:59'),(169,42,3,'','2017-01-27 18:09:59','2017-01-27 18:09:59'),(170,42,4,'','2017-01-27 18:09:59','2017-01-27 18:09:59'),(171,42,5,'','2017-01-27 18:09:59','2017-01-27 18:09:59'),(172,42,6,'','2017-01-27 18:09:59','2017-01-27 18:09:59'),(173,42,7,'','2017-01-27 18:09:59','2017-01-27 18:09:59'),(174,42,8,'','2017-01-27 18:09:59','2017-01-27 18:09:59'),(175,42,9,'','2017-01-27 18:09:59','2017-01-27 18:09:59'),(176,42,10,'','2017-01-27 18:09:59','2017-01-27 18:09:59'),(177,43,1,'Motor ge','2017-01-27 19:37:20','2017-01-27 19:37:20'),(178,43,2,'Winddruck gepr','2017-01-27 19:37:20','2017-01-27 19:37:20'),(179,43,3,'','2017-01-27 19:37:20','2017-01-27 19:37:20'),(180,43,4,'','2017-01-27 19:37:20','2017-01-27 19:37:20'),(181,43,5,'','2017-01-27 19:37:20','2017-01-27 19:37:20'),(182,43,6,'','2017-01-27 19:37:20','2017-01-27 19:37:20'),(183,43,7,'','2017-01-27 19:37:20','2017-01-27 19:37:20'),(184,43,8,'','2017-01-27 19:37:20','2017-01-27 19:37:20'),(185,43,9,'','2017-01-27 19:37:20','2017-01-27 19:37:20'),(186,43,10,'','2017-01-27 19:37:20','2017-01-27 19:37:20'),(187,44,1,'Motor ge','2017-03-06 12:49:39','2017-03-06 12:49:39'),(188,44,2,'Winddruck gepr','2017-03-06 12:49:39','2017-03-06 12:49:39'),(189,44,3,'','2017-03-06 12:49:39','2017-03-06 12:49:39'),(190,44,4,'','2017-03-06 12:49:39','2017-03-06 12:49:39'),(191,44,5,'','2017-03-06 12:49:39','2017-03-06 12:49:39'),(192,44,6,'','2017-03-06 12:49:39','2017-03-06 12:49:39'),(193,44,7,'','2017-03-06 12:49:39','2017-03-06 12:49:39'),(194,44,8,'','2017-03-06 12:49:39','2017-03-06 12:49:39'),(195,44,9,'','2017-03-06 12:49:39','2017-03-06 12:49:39'),(196,44,10,'','2017-03-06 12:49:39','2017-03-06 12:49:39'),(197,45,1,'Motor ge','2017-03-07 13:23:59','2017-03-07 13:23:59'),(198,45,2,'Winddruck gepr','2017-03-07 13:23:59','2017-03-07 13:23:59'),(199,45,3,'','2017-03-07 13:23:59','2017-03-07 13:23:59'),(200,45,4,'','2017-03-07 13:23:59','2017-03-07 13:23:59'),(201,45,5,'','2017-03-07 13:23:59','2017-03-07 13:23:59'),(202,45,6,'','2017-03-07 13:23:59','2017-03-07 13:23:59'),(203,45,7,'','2017-03-07 13:23:59','2017-03-07 13:23:59'),(204,45,8,'','2017-03-07 13:23:59','2017-03-07 13:23:59'),(205,45,9,'','2017-03-07 13:23:59','2017-03-07 13:23:59'),(206,45,10,'','2017-03-07 13:23:59','2017-03-07 13:23:59'),(207,46,1,'Motor ge','2017-06-14 10:21:43','2017-06-14 10:21:43'),(208,46,2,'Winddruck gepr','2017-06-14 10:21:43','2017-06-14 10:21:43'),(209,46,3,'Reparatur Vorgebl','2017-06-14 10:21:43','2017-06-14 10:21:43'),(210,46,4,'Reparatur Tremulant','2017-06-14 10:21:43','2017-06-14 10:21:43'),(211,46,5,'','2017-06-14 10:21:43','2017-06-14 10:21:43'),(212,46,6,'','2017-06-14 10:21:43','2017-06-14 10:21:43'),(213,46,7,'','2017-06-14 10:21:43','2017-06-14 10:21:43'),(214,46,8,'','2017-06-14 10:21:43','2017-06-14 10:21:43'),(215,46,9,'','2017-06-14 10:21:43','2017-06-14 10:21:43'),(216,46,10,'','2017-06-14 10:21:43','2017-06-14 10:21:43'),(217,47,1,'Motor ge','2018-06-21 20:20:42','2018-06-21 20:20:42'),(218,47,2,'Winddruck gepr','2018-06-21 20:20:42','2018-06-21 20:20:42'),(219,47,3,'','2018-06-21 20:20:42','2018-06-21 20:20:42'),(220,47,4,'','2018-06-21 20:20:42','2018-06-21 20:20:42'),(221,47,5,'','2018-06-21 20:20:42','2018-06-21 20:20:42'),(222,47,6,'','2018-06-21 20:20:42','2018-06-21 20:20:42'),(223,47,7,'','2018-06-21 20:20:42','2018-06-21 20:20:42'),(224,47,8,'','2018-06-21 20:20:42','2018-06-21 20:20:42'),(225,47,9,'','2018-06-21 20:20:42','2018-06-21 20:20:42'),(226,47,10,'','2018-06-21 20:20:42','2018-06-21 20:20:42'),(227,7,1,'1. Standard Position f','2018-06-21 20:23:22','2018-06-21 20:23:22'),(228,7,2,'','2018-06-21 20:23:22','2018-06-21 20:23:22'),(229,7,3,'','2018-06-21 20:23:22','2018-06-21 20:23:22'),(230,7,4,'','2018-06-21 20:23:22','2018-06-21 20:23:22'),(231,7,5,'','2018-06-21 20:23:22','2018-06-21 20:23:22'),(232,7,6,'','2018-06-21 20:23:22','2018-06-21 20:23:22'),(233,8,1,'1. Standard Position f','2018-06-21 20:23:34','2018-06-21 20:23:34'),(234,8,2,'','2018-06-21 20:23:34','2018-06-21 20:23:34'),(235,8,3,'','2018-06-21 20:23:34','2018-06-21 20:23:34'),(236,8,4,'','2018-06-21 20:23:34','2018-06-21 20:23:34'),(237,8,5,'','2018-06-21 20:23:34','2018-06-21 20:23:34'),(238,8,6,'','2018-06-21 20:23:34','2018-06-21 20:23:34'),(239,48,1,'Motor ge','2018-12-10 22:07:26','2018-12-10 22:07:26'),(240,48,2,'Winddruck gepr','2018-12-10 22:07:26','2018-12-10 22:07:26'),(241,48,3,'','2018-12-10 22:07:26','2018-12-10 22:07:26'),(242,48,4,'','2018-12-10 22:07:26','2018-12-10 22:07:26'),(243,48,5,'','2018-12-10 22:07:26','2018-12-10 22:07:26'),(244,48,6,'','2018-12-10 22:07:26','2018-12-10 22:07:26'),(245,48,7,'','2018-12-10 22:07:26','2018-12-10 22:07:26'),(246,48,8,'','2018-12-10 22:07:26','2018-12-10 22:07:26'),(247,48,9,'','2018-12-10 22:07:26','2018-12-10 22:07:26'),(248,48,10,'','2018-12-10 22:07:26','2018-12-10 22:07:26'),(249,49,1,'Motor ge','2019-01-15 09:34:36','2019-01-15 09:34:36'),(250,49,2,'Winddruck gepr','2019-01-15 09:34:36','2019-01-15 09:34:36'),(251,49,3,'','2019-01-15 09:34:36','2019-01-15 09:34:36'),(252,49,4,'','2019-01-15 09:34:36','2019-01-15 09:34:36'),(253,49,5,'','2019-01-15 09:34:36','2019-01-15 09:34:36'),(254,49,6,'','2019-01-15 09:34:36','2019-01-15 09:34:36'),(255,49,7,'','2019-01-15 09:34:36','2019-01-15 09:34:36'),(256,49,8,'','2019-01-15 09:34:36','2019-01-15 09:34:36'),(257,49,9,'','2019-01-15 09:34:36','2019-01-15 09:34:36'),(258,49,10,'','2019-01-15 09:34:36','2019-01-15 09:34:36'),(259,50,1,'Motor ge','2019-01-17 09:44:36','2019-01-17 09:44:36'),(260,50,2,'Winddruck gepr','2019-01-17 09:44:36','2019-01-17 09:44:36'),(261,50,3,'','2019-01-17 09:44:36','2019-01-17 09:44:36'),(262,50,4,'','2019-01-17 09:44:36','2019-01-17 09:44:36'),(263,50,5,'','2019-01-17 09:44:36','2019-01-17 09:44:36'),(264,50,6,'','2019-01-17 09:44:36','2019-01-17 09:44:36'),(265,50,7,'','2019-01-17 09:44:36','2019-01-17 09:44:36'),(266,50,8,'','2019-01-17 09:44:36','2019-01-17 09:44:36'),(267,50,9,'','2019-01-17 09:44:36','2019-01-17 09:44:36'),(268,50,10,'','2019-01-17 09:44:36','2019-01-17 09:44:36');
/*!40000 ALTER TABLE `rechnung_position` ENABLE KEYS */;
UNLOCK TABLES;

--
-- Table structure for table `rechnung_stunde`
--

DROP TABLE IF EXISTS `rechnung_stunde`;
/*!40101 SET @saved_cs_client     = @@character_set_client */;
/*!40101 SET character_set_client = utf8 */;
CREATE TABLE `rechnung_stunde` (
  `rs_id` int(11) NOT NULL AUTO_INCREMENT,
  `g_id` int(10) NOT NULL,
  `rs_nummer` varchar(11) NOT NULL,
  `rs_datum` date NOT NULL,
  `rs_zieldatum` date NOT NULL,
  `rs_text1` varchar(500) NOT NULL,
  `rs_pos1` varchar(200) NOT NULL,
  `rs_pos2` varchar(200) NOT NULL,
  `rs_pos3` varchar(200) NOT NULL,
  `rs_pos4` varchar(200) NOT NULL,
  `rs_pos5` varchar(200) NOT NULL,
  `rs_pos6` varchar(200) NOT NULL,
  `rs_pos7` varchar(200) NOT NULL,
  `rs_pos8` varchar(200) NOT NULL,
  `rs_pos9` varchar(200) NOT NULL,
  `rs_pos10` varchar(200) NOT NULL,
  `rs_text2` varchar(500) NOT NULL,
  `rs_azubi_lohn` double(10,2) NOT NULL,
  `rs_azubi_std` double(10,2) NOT NULL,
  `rs_geselle_lohn` double(10,2) NOT NULL,
  `rs_geselle_std` double(10,2) NOT NULL,
  `rs_material` double NOT NULL,
  `rs_fahrtkosten` double(10,2) NOT NULL,
  `rs_nettobetrag` double(10,2) NOT NULL,
  `rs_bruttobetrag` double(10,2) NOT NULL,
  `rs_mwst` double(10,2) NOT NULL,
  `rs_mwstsatz` double(3,2) NOT NULL,
  `rs_eingangsdatum` date NOT NULL,
  `rs_eingangsbetrag` double(10,2) NOT NULL,
  `rs_eingangsanmerkung` varchar(255) NOT NULL,
  `rs_lastchange` datetime NOT NULL,
  `rs_createdate` datetime NOT NULL,
  PRIMARY KEY (`rs_id`)
) ENGINE=MyISAM AUTO_INCREMENT=9 DEFAULT CHARSET=utf8;
/*!40101 SET character_set_client = @saved_cs_client */;

--
-- Dumping data for table `rechnung_stunde`
--

LOCK TABLES `rechnung_stunde` WRITE;
/*!40000 ALTER TABLE `rechnung_stunde` DISABLE KEYS */;
INSERT INTO `rechnung_stunde` (`rs_id`, `g_id`, `rs_nummer`, `rs_datum`, `rs_zieldatum`, `rs_text1`, `rs_pos1`, `rs_pos2`, `rs_pos3`, `rs_pos4`, `rs_pos5`, `rs_pos6`, `rs_pos7`, `rs_pos8`, `rs_pos9`, `rs_pos10`, `rs_text2`, `rs_azubi_lohn`, `rs_azubi_std`, `rs_geselle_lohn`, `rs_geselle_std`, `rs_material`, `rs_fahrtkosten`, `rs_nettobetrag`, `rs_bruttobetrag`, `rs_mwst`, `rs_mwstsatz`, `rs_eingangsdatum`, `rs_eingangsbetrag`, `rs_eingangsanmerkung`, `rs_lastchange`, `rs_createdate`) VALUES (1,6,'3/16','2016-11-04','2016-11-18','Standardtext Pflegevertrag kann in den Einstellungen geändert werden','','','','','','','','','','','',20.00,3.00,60.00,5.00,100,200.00,660.00,785.40,125.40,0.19,'0000-00-00',0.00,'','2016-11-04 21:23:51','2016-11-04 21:23:51'),(2,13,'2/16','2016-11-21','2016-12-05','Reparaturarbeiten an Ihrer Orgel am xxx','','','','','','','','','','','Vielen Dank für Ihren Auftrag!',20.00,1.00,50.00,1.00,25,0.00,95.00,113.05,18.05,0.19,'0000-00-00',0.00,'','2016-11-21 14:20:53','2016-11-21 14:20:53'),(3,36,'6/16','2016-11-26','2016-12-13','','','','','','','','','','','','',21.00,6.00,50.00,5.00,0,0.00,376.00,447.44,71.44,0.19,'0000-00-00',0.00,'','2016-11-29 19:03:39','2016-11-29 19:03:39'),(4,5,'7/16','2016-11-29','2016-12-13','','','','','','','','','','','','',30.00,4.00,30.00,4.00,0,0.00,240.00,285.60,45.60,0.19,'0000-00-00',0.00,'','2016-11-29 19:03:56','2016-11-29 19:03:56'),(5,21,'8/16','2016-11-29','2016-12-13','','','','','','','','','','','','',45.00,4.00,45.00,4.00,0,0.00,360.00,428.40,68.40,0.19,'0000-00-00',0.00,'','2016-11-29 19:04:15','2016-11-29 19:04:15'),(6,0,'9/17','2017-01-18','2017-02-01','','','','','','','','','','','','',18.00,1.00,35.00,5.00,50,134.00,377.00,448.63,71.63,0.19,'0000-00-00',0.00,'','2017-01-18 13:51:56','2017-01-18 13:51:56'),(7,39,'17/18','2018-06-21','2018-07-05','Standardtext Pflegevertrag kann in den Einstellungen ge&auml;ndert werden','','','','','','','','','','','',30.00,1.00,49.90,2.00,20,100.00,249.80,297.26,47.46,0.19,'0000-00-00',0.00,'','2018-06-21 20:23:22','2018-06-21 20:23:22'),(8,39,'17/18','2018-06-21','2018-07-05','Standardtext Pflegevertrag kann in den Einstellungen ge&auml;ndert werden','','','','','','','','','','','',30.00,1.00,49.90,2.00,20,100.00,249.80,297.26,47.46,0.19,'0000-00-00',0.00,'','2018-06-21 20:23:34','2018-06-21 20:23:34');
/*!40000 ALTER TABLE `rechnung_stunde` ENABLE KEYS */;
UNLOCK TABLES;

--
-- Temporary table structure for view `rechnung_view`
--

DROP TABLE IF EXISTS `rechnung_view`;
/*!50001 DROP VIEW IF EXISTS `rechnung_view`*/;
SET @saved_cs_client     = @@character_set_client;
SET character_set_client = utf8;
/*!50001 CREATE VIEW `rechnung_view` AS SELECT 
 1 AS `r_id`,
 1 AS `r_nummer`,
 1 AS `r_typid`,
 1 AS `r_typ`,
 1 AS `r_nettobetrag`,
 1 AS `r_bruttobetrag`,
 1 AS `g_id`,
 1 AS `g_kirche`,
 1 AS `r_datum`,
 1 AS `r_eingangsdatum`,
 1 AS `r_eingangsbetrag`,
 1 AS `r_eingangsanmerkung`*/;
SET character_set_client = @saved_cs_client;

--
-- Table structure for table `register_groessen`
--

DROP TABLE IF EXISTS `register_groessen`;
/*!40101 SET @saved_cs_client     = @@character_set_client */;
/*!40101 SET character_set_client = utf8 */;
CREATE TABLE `register_groessen` (
  `rg_id` int(5) NOT NULL AUTO_INCREMENT,
  `rg_reihenfolge` int(3) NOT NULL,
  `rg_fuss` varchar(10) CHARACTER SET latin1 COLLATE latin1_general_ci NOT NULL,
  PRIMARY KEY (`rg_id`)
) ENGINE=MyISAM AUTO_INCREMENT=20 DEFAULT CHARSET=utf8;
/*!40101 SET character_set_client = @saved_cs_client */;

--
-- Dumping data for table `register_groessen`
--

LOCK TABLES `register_groessen` WRITE;
/*!40000 ALTER TABLE `register_groessen` DISABLE KEYS */;
INSERT INTO `register_groessen` (`rg_id`, `rg_reihenfolge`, `rg_fuss`) VALUES (1,1,'32'),(2,2,'16'),(3,3,'10 2/3'),(4,4,'8'),(5,5,'6'),(6,6,'4'),(7,7,'3'),(8,9,'2'),(9,10,'1 3/5'),(10,11,'1 1/3'),(11,13,'1'),(12,14,'2/3'),(14,16,'1/3'),(15,17,'/'),(13,15,'1/2'),(18,12,'1 1/7'),(19,8,'2 2/3');
/*!40000 ALTER TABLE `register_groessen` ENABLE KEYS */;
UNLOCK TABLES;

--
-- Table structure for table `reisekosten`
--

DROP TABLE IF EXISTS `reisekosten`;
/*!40101 SET @saved_cs_client     = @@character_set_client */;
/*!40101 SET character_set_client = utf8 */;
CREATE TABLE `reisekosten` (
  `rk_id` int(10) NOT NULL AUTO_INCREMENT,
  `proj_id` int(10) NOT NULL,
  `be_id` int(10) NOT NULL,
  `rk_datum` date NOT NULL,
  `rk_timestamp` int(11) NOT NULL,
  `rk_jahr` int(4) NOT NULL,
  `rk_kw` int(2) NOT NULL,
  `rk_spesen` double(10,2) NOT NULL,
  `rk_hotel` double(10,2) NOT NULL,
  `rk_km` double(10,2) NOT NULL,
  `rk_kmkosten` double(10,2) NOT NULL,
  `rk_gesamt` double(10,2) NOT NULL,
  `rk_lastchange` datetime NOT NULL,
  `rk_createdate` datetime NOT NULL,
  PRIMARY KEY (`rk_id`),
  UNIQUE KEY `proj_id` (`proj_id`,`be_id`,`rk_jahr`,`rk_kw`),
  UNIQUE KEY `proj_id_2` (`proj_id`,`be_id`,`rk_jahr`,`rk_kw`)
) ENGINE=MyISAM AUTO_INCREMENT=8 DEFAULT CHARSET=utf8;
/*!40101 SET character_set_client = @saved_cs_client */;

--
-- Dumping data for table `reisekosten`
--

LOCK TABLES `reisekosten` WRITE;
/*!40000 ALTER TABLE `reisekosten` DISABLE KEYS */;
INSERT INTO `reisekosten` (`rk_id`, `proj_id`, `be_id`, `rk_datum`, `rk_timestamp`, `rk_jahr`, `rk_kw`, `rk_spesen`, `rk_hotel`, `rk_km`, `rk_kmkosten`, `rk_gesamt`, `rk_lastchange`, `rk_createdate`) VALUES (1,1,1,'0000-00-00',0,2016,44,10.00,20.00,30.00,9.00,39.00,'2016-11-01 12:58:35','2016-11-01 12:57:59'),(2,1,2,'0000-00-00',0,2016,44,1.00,2.00,3.00,0.90,3.90,'2016-11-01 12:58:40','2016-11-01 12:58:13'),(3,1,3,'0000-00-00',0,2016,45,50.00,100.00,30.00,9.00,159.00,'2016-11-12 12:05:12','2016-11-11 22:40:49'),(4,1,1,'0000-00-00',0,2016,45,0.00,0.00,0.00,0.00,0.00,'2016-11-12 12:04:57','2016-11-11 22:58:56'),(5,2,1,'0000-00-00',0,2017,10,200.00,10000.00,520.00,156.00,10356.00,'2017-03-08 10:29:50','2017-03-08 10:28:44'),(6,2,1,'0000-00-00',0,2017,9,480.00,1000.00,520.00,156.00,1636.00,'2017-03-08 10:29:16','2017-03-08 10:29:16'),(7,2,1,'0000-00-00',0,2017,21,190.00,50.00,200.00,60.00,300.00,'2017-05-23 16:25:24','2017-05-23 16:23:56');
/*!40000 ALTER TABLE `reisekosten` ENABLE KEYS */;
UNLOCK TABLES;

--
-- Table structure for table `seitenstatistik`
--

DROP TABLE IF EXISTS `seitenstatistik`;
/*!40101 SET @saved_cs_client     = @@character_set_client */;
/*!40101 SET character_set_client = utf8 */;
CREATE TABLE `seitenstatistik` (
  `ss_url` varchar(200) NOT NULL,
  `ss_description` varchar(200) NOT NULL,
  `ss_count` int(11) NOT NULL,
  PRIMARY KEY (`ss_url`)
) ENGINE=MyISAM DEFAULT CHARSET=utf8;
/*!40101 SET character_set_client = @saved_cs_client */;

--
-- Dumping data for table `seitenstatistik`
--

LOCK TABLES `seitenstatistik` WRITE;
/*!40000 ALTER TABLE `seitenstatistik` DISABLE KEYS */;
INSERT INTO `seitenstatistik` (`ss_url`, `ss_description`, `ss_count`) VALUES ('index.php?page=8&do=141','BenutzerController::benutzerLogout',55),('index.php?page=1&do=1','GemeindeController::zeigeGemeindeListe',641),('index.php?page=1&do=4','GemeindeController::neueGemeindeAnlegen',64),('index.php?page=1&do=3','GemeindeController::speichereGemeindeDetails',133),('index.php?page=1&do=2','GemeindeController::zeigeGemeindeDetails',451),('index.php?page=1&do=8','GemeindeController::zeigeGemeindeLandkarte',88),('index.php?page=2&do=20','OrgelController::zeigeOrgelListe',483),('index.php?page=2&do=24','OrgelController::neueOrgelAnlegen',62),('index.php?page=2&do=22','OrgelController::speicherOrgelDetails',83),('index.php?page=2&do=21','OrgelController::zeigeOrgelDetails',243),('index.php?page=3&do=40','AnsprechpartnerController::zeigeAnsprechpartnerVerwaltung',343),('index.php?page=4&do=61','DispositionController::bearbeiteDisposition',203),('index.php?page=4&do=63','DispositionController::speichereReihenfolge',5),('index.php?page=2&do=29','OrgelController::zeigeOffeneWartungen',62),('pdf.php?oid=X','PDF::printSingleOrgel',24),('index.php?page=2&do=28','OrgelController::zeigeWartungsListe',98),('index.php?page=5&do=89','RechnungController::zeigeRechnungsListe',248),('index.php?page=3&do=43','AnsprechpartnerController::neueVerbindungZuGemeinde',50),('index.php?page=5&do=80','RechnungController::neuePflegerechnung',67),('index.php?page=5&do=82','RechnungController::druckePflegerechnung',22),('index.php?page=5&do=90','RechnungController::zeigeReadOnlyRechnung',40),('index.php?page=7&do=123','EinstellungController::zeigeOptions',145),('index.php?page=7&do=120','EinstellungController::zeigeRechnungsEinstellungen',31),('index.php?page=5&do=83','RechnungController::neueStundenrechnung',69),('index.php?page=6&do=100','ProjektController::zeigeProjekte',231),('index.php?page=6&do=110','ProjektController::zeigeProjektDetails',121),('index.php?page=6&do=105','ProjektController::bearbeiteProjektdetails',136),('index.php?page=6&do=101','ProjektController::zeigeZeiterfassungWrapper',255),('index.php?page=6&do=102','ProjektController::zeigeAufgabenVerwaltung',163),('index.php?page=6&do=108','ProjektController::zeigeArbeitszeitVerwaltung',41),('index.php?page=6&do=104','ProjektController::zeigeProjektarchiv',30),('index.php?page=6&do=103','ProjektController::mitarbeiterVerwalten',111),('index.php?page=7&do=121','EinstellungController::zeigeFirmenDaten',19),('index.php?page=7&do=122','EinstellungController::speichereFirmenDaten',4),('index.php?page=7&do=125','EinstellungController::showOptionMeta',90),('index.php?page=3&do=41','AnsprechpartnerController::speichereAnsprechpartner',26),('index.php?page=3&do=44','AnsprechpartnerController::loescheGemeindeAnsprechpartner',7),('index.php?page=3&do=42','AnsprechpartnerController::loescheAnsprechpartner',2),('index.php?page=8&do=142','BenutzerController::zeigeZeiterfassung',67),('index.php?page=8&do=144','BenutzerController::benutzerZeitauswertung',10),('index.php?page=8&do=140','BenutzerController::benutzerdatenAendern',18),('index.php?page=2&do=23','OrgelController::verwalteOrgelBild',25),('index.php?page=5&do=84','RechnungController::neueAbschlagsrechnung',33),('pdf.php?oid=X,Y,Z','PDF::printManyOrgel',36),('index.php?page=5&do=87','RechnungController::druckeAbschlagsrechnung',10),('index.php?page=5&do=85','RechnungController::neueEndrechnung',21),('index.php?page=5&do=88','RechnungController::druckeEndrechnung',40),('index.php?page=5&do=91','RechnungController::loescheRechnung',24),('index.php?page=5&do=86','RechnungController::druckeStundenrechnung',8),('index.php?page=6&do=106','ProjektController::projektArchivierenAbfrage',9),('index.php?page=8&do=200','BenutzerController::doHilfeRufen',9),('index.php?page=2&do=27','OrgelController::loescheOrgel',2),('index.php?page=7&do=126','EinstellungController::showBenutzerVerlaufUebersicht',90),('index.php?page=6&do=107','ProjektController::projektLoeschenAbfrage',2);
/*!40000 ALTER TABLE `seitenstatistik` ENABLE KEYS */;
UNLOCK TABLES;

--
-- Table structure for table `wartung`
--

DROP TABLE IF EXISTS `wartung`;
/*!40101 SET @saved_cs_client     = @@character_set_client */;
/*!40101 SET character_set_client = utf8 */;
CREATE TABLE `wartung` (
  `w_id` int(10) NOT NULL AUTO_INCREMENT,
  `o_id` int(10) NOT NULL,
  `w_datum` date NOT NULL,
  `w_bemerkung` varchar(500) NOT NULL,
  `w_temperatur` varchar(10) NOT NULL,
  `w_luftfeuchtigkeit` varchar(10) NOT NULL,
  `w_stimmton` varchar(10) NOT NULL,
  `w_stimmung` int(1) NOT NULL,
  `m_id_1` int(4) NOT NULL,
  `m_id_2` int(4) NOT NULL,
  `m_id_3` int(4) NOT NULL,
  `w_ma1_iststd` double(5,2) NOT NULL,
  `w_ma2_iststd` double(5,2) NOT NULL,
  `w_ma3_iststd` double(5,2) NOT NULL,
  `w_ma1_faktstd` double(5,2) NOT NULL,
  `w_ma2_faktstd` double(5,2) NOT NULL,
  `w_ma3_faktstd` double(5,2) NOT NULL,
  `w_tastenhalter` tinyint(1) NOT NULL,
  `w_material` varchar(500) NOT NULL,
  `w_abrechnungsart` int(2) NOT NULL,
  `w_lastchange` datetime NOT NULL,
  `w_changeby` varchar(100) NOT NULL,
  `w_createdate` datetime NOT NULL,
  PRIMARY KEY (`w_id`)
) ENGINE=MyISAM AUTO_INCREMENT=111 DEFAULT CHARSET=utf8;
/*!40101 SET character_set_client = @saved_cs_client */;

--
-- Dumping data for table `wartung`
--

LOCK TABLES `wartung` WRITE;
/*!40000 ALTER TABLE `wartung` DISABLE KEYS */;
INSERT INTO `wartung` (`w_id`, `o_id`, `w_datum`, `w_bemerkung`, `w_temperatur`, `w_luftfeuchtigkeit`, `w_stimmton`, `w_stimmung`, `m_id_1`, `m_id_2`, `m_id_3`, `w_ma1_iststd`, `w_ma2_iststd`, `w_ma3_iststd`, `w_ma1_faktstd`, `w_ma2_faktstd`, `w_ma3_faktstd`, `w_tastenhalter`, `w_material`, `w_abrechnungsart`, `w_lastchange`, `w_changeby`, `w_createdate`) VALUES (1,0,'2014-04-15','keine','16.5','55','443',0,1,0,0,0.00,0.00,0.00,0.00,0.00,0.00,1,'Keins',1,'2016-11-01 12:00:13','swatermeyer','2016-11-01 12:00:13'),(2,0,'2015-08-23','keine','17','54','443',1,1,0,0,0.00,0.00,0.00,0.00,0.00,0.00,1,'Keins',1,'2016-11-01 12:00:13','swatermeyer','2016-11-01 12:00:13'),(3,0,'2016-07-12','keine','18','53','443',2,1,0,0,0.00,0.00,0.00,0.00,0.00,0.00,1,'Keins',1,'2016-11-01 12:00:13','swatermeyer','2016-11-01 12:00:13'),(4,1,'2014-01-24','keine','16.5','55','443',0,1,0,0,0.00,0.00,0.00,0.00,0.00,0.00,1,'Keins',1,'2016-11-01 12:00:13','swatermeyer','2016-11-01 12:00:13'),(5,1,'2015-10-30','keine','17','54','443',1,1,0,0,0.00,0.00,0.00,0.00,0.00,0.00,1,'Keins',1,'2016-11-01 12:00:13','swatermeyer','2016-11-01 12:00:13'),(6,1,'2016-05-11','keine','18','53','443',2,1,0,0,0.00,0.00,0.00,0.00,0.00,0.00,1,'Keins',1,'2016-11-01 12:00:13','swatermeyer','2016-11-01 12:00:13'),(7,2,'2016-11-21','keine','16.5','55','443',0,1,0,0,7.00,7.00,0.00,7.00,7.00,0.00,1,'Keins',1,'2016-11-21 14:30:24','friedrich@orgelbau-friedrich.de','2016-11-01 12:00:13'),(8,2,'2015-10-03','keine','17','54','443',1,1,0,0,0.00,0.00,0.00,0.00,0.00,0.00,1,'Keins',1,'2016-11-01 12:00:13','swatermeyer','2016-11-01 12:00:13'),(9,2,'2016-01-26','keine','18','53','443',2,1,0,0,0.00,0.00,0.00,0.00,0.00,0.00,1,'Keins',1,'2016-11-01 12:00:13','swatermeyer','2016-11-01 12:00:13'),(10,3,'2014-07-08','keine','16.5','55','443',0,1,0,0,0.00,0.00,0.00,0.00,0.00,0.00,1,'Keins',1,'2016-11-01 12:00:13','swatermeyer','2016-11-01 12:00:13'),(11,3,'2015-08-26','keine','17','54','443',1,1,0,0,0.00,0.00,0.00,0.00,0.00,0.00,1,'Keins',1,'2016-11-01 12:00:13','swatermeyer','2016-11-01 12:00:13'),(12,3,'2016-10-14','keine','18','53','443',2,1,0,0,0.00,0.00,0.00,0.00,0.00,0.00,1,'Keins',1,'2016-11-01 12:00:13','swatermeyer','2016-11-01 12:00:13'),(13,4,'2014-05-20','keine','16.5','55','443',0,1,0,0,0.00,0.00,0.00,0.00,0.00,0.00,1,'Keins',1,'2016-11-01 12:00:13','swatermeyer','2016-11-01 12:00:13'),(14,4,'2015-01-29','keine','17','54','443',1,1,0,0,0.00,0.00,0.00,0.00,0.00,0.00,1,'Keins',1,'2016-11-01 12:00:13','swatermeyer','2016-11-01 12:00:13'),(15,4,'2016-02-25','keine','18','53','443',2,1,0,0,0.00,0.00,0.00,0.00,0.00,0.00,1,'Keins',1,'2016-11-01 12:00:13','swatermeyer','2016-11-01 12:00:13'),(16,5,'2014-03-04','keine','16.5','55','443',0,1,0,0,0.00,0.00,0.00,0.00,0.00,0.00,1,'Keins',1,'2016-11-01 12:00:13','swatermeyer','2016-11-01 12:00:13'),(17,5,'2015-02-02','keine','17','54','443',1,1,0,0,0.00,0.00,0.00,0.00,0.00,0.00,1,'Keins',1,'2016-11-01 12:00:13','swatermeyer','2016-11-01 12:00:13'),(18,5,'2016-04-24','keine','18','53','443',2,1,0,0,0.00,0.00,0.00,0.00,0.00,0.00,1,'Keins',1,'2016-11-01 12:00:13','swatermeyer','2016-11-01 12:00:13'),(19,6,'2014-03-17','keine','16.5','55','443',0,1,0,0,0.00,0.00,0.00,0.00,0.00,0.00,1,'Keins',1,'2016-11-01 12:00:13','swatermeyer','2016-11-01 12:00:13'),(20,6,'2015-05-21','keine','17','54','443',1,1,0,0,0.00,0.00,0.00,0.00,0.00,0.00,1,'Keins',1,'2016-11-01 12:00:13','swatermeyer','2016-11-01 12:00:13'),(21,6,'2016-09-28','keine','18','53','443',2,1,0,0,0.00,0.00,0.00,0.00,0.00,0.00,1,'Keins',1,'2016-11-01 12:00:13','swatermeyer','2016-11-01 12:00:13'),(22,7,'2014-01-28','keine','16.5','55','443',0,1,0,0,0.00,0.00,0.00,0.00,0.00,0.00,1,'Keins',1,'2016-11-01 12:00:13','swatermeyer','2016-11-01 12:00:13'),(23,7,'2015-08-08','keine','17','54','443',1,1,0,0,0.00,0.00,0.00,0.00,0.00,0.00,1,'Keins',1,'2016-11-01 12:00:13','swatermeyer','2016-11-01 12:00:13'),(24,7,'2016-09-08','keine','18','53','443',2,1,0,0,0.00,0.00,0.00,0.00,0.00,0.00,1,'Keins',1,'2016-11-01 12:00:13','swatermeyer','2016-11-01 12:00:13'),(25,8,'2014-07-10','keine','16.5','55','443',0,1,0,0,0.00,0.00,0.00,0.00,0.00,0.00,1,'Keins',1,'2016-11-01 12:00:13','swatermeyer','2016-11-01 12:00:13'),(26,8,'2015-05-27','keine','17','54','443',1,1,0,0,0.00,0.00,0.00,0.00,0.00,0.00,1,'Keins',1,'2016-11-01 12:00:13','swatermeyer','2016-11-01 12:00:13'),(27,8,'2016-02-25','keine','18','53','443',2,1,0,0,0.00,0.00,0.00,0.00,0.00,0.00,1,'Keins',1,'2016-11-01 12:00:13','swatermeyer','2016-11-01 12:00:13'),(28,9,'2014-08-31','keine','16.5','55','443',0,1,0,0,0.00,0.00,0.00,0.00,0.00,0.00,1,'Keins',1,'2016-11-01 12:00:13','swatermeyer','2016-11-01 12:00:13'),(29,9,'2015-07-21','keine','17','54','443',1,1,0,0,0.00,0.00,0.00,0.00,0.00,0.00,1,'Keins',1,'2016-11-01 12:00:13','swatermeyer','2016-11-01 12:00:13'),(30,9,'2016-02-21','keine','18','53','443',2,1,0,0,0.00,0.00,0.00,0.00,0.00,0.00,1,'Keins',1,'2016-11-01 12:00:13','swatermeyer','2016-11-01 12:00:13'),(31,10,'2014-11-04','keine','16.5','55','443',0,1,0,0,0.00,0.00,0.00,0.00,0.00,0.00,1,'Keins',1,'2016-11-01 12:00:13','swatermeyer','2016-11-01 12:00:13'),(32,10,'2015-07-30','keine','17','54','443',1,1,0,0,0.00,0.00,0.00,0.00,0.00,0.00,1,'Keins',1,'2016-11-01 12:00:13','swatermeyer','2016-11-01 12:00:13'),(33,10,'2016-08-21','keine','18','53','443',2,1,0,0,0.00,0.00,0.00,0.00,0.00,0.00,1,'Keins',1,'2016-11-01 12:00:13','swatermeyer','2016-11-01 12:00:13'),(34,11,'2014-06-14','keine','16.5','55','443',0,1,0,0,0.00,0.00,0.00,0.00,0.00,0.00,1,'Keins',1,'2016-11-01 12:00:13','swatermeyer','2016-11-01 12:00:13'),(35,11,'2015-07-12','keine','17','54','443',1,1,0,0,0.00,0.00,0.00,0.00,0.00,0.00,1,'Keins',1,'2016-11-01 12:00:13','swatermeyer','2016-11-01 12:00:13'),(36,11,'2016-08-13','keine','18','53','443',2,1,0,0,0.00,0.00,0.00,0.00,0.00,0.00,1,'Keins',1,'2016-11-01 12:00:13','swatermeyer','2016-11-01 12:00:13'),(37,12,'2014-10-09','keine','16.5','55','443',0,1,0,0,0.00,0.00,0.00,0.00,0.00,0.00,1,'Keins',1,'2016-11-01 12:00:13','swatermeyer','2016-11-01 12:00:13'),(38,12,'2015-06-29','keine','17','54','443',1,1,0,0,0.00,0.00,0.00,0.00,0.00,0.00,1,'Keins',1,'2016-11-01 12:00:13','swatermeyer','2016-11-01 12:00:13'),(39,12,'2016-03-29','keine','18','53','443',2,1,0,0,0.00,0.00,0.00,0.00,0.00,0.00,1,'Keins',1,'2016-11-01 12:00:13','swatermeyer','2016-11-01 12:00:13'),(40,13,'2014-12-31','keine','16.5','55','443',0,1,0,0,0.00,0.00,0.00,0.00,0.00,0.00,1,'Keins',1,'2016-11-01 12:00:13','swatermeyer','2016-11-01 12:00:13'),(41,13,'2015-02-23','keine','17','54','443',1,1,0,0,0.00,0.00,0.00,0.00,0.00,0.00,1,'Keins',1,'2016-11-01 12:00:13','swatermeyer','2016-11-01 12:00:13'),(42,13,'2016-04-21','keine','18','53','443',2,1,0,0,0.00,0.00,0.00,0.00,0.00,0.00,1,'Keins',1,'2016-11-01 12:00:13','swatermeyer','2016-11-01 12:00:13'),(43,14,'2014-07-01','keine','16.5','55','443',0,1,0,0,0.00,0.00,0.00,0.00,0.00,0.00,1,'Keins',1,'2016-11-01 12:00:13','swatermeyer','2016-11-01 12:00:13'),(44,14,'2015-02-10','keine','17','54','443',1,1,0,0,0.00,0.00,0.00,0.00,0.00,0.00,1,'Keins',1,'2016-11-01 12:00:13','swatermeyer','2016-11-01 12:00:13'),(45,14,'2016-01-21','keine','18','53','443',2,1,0,0,0.00,0.00,0.00,0.00,0.00,0.00,1,'Keins',1,'2016-11-01 12:00:13','swatermeyer','2016-11-01 12:00:13'),(46,15,'2014-01-29','keine','16.5','55','443',0,1,0,0,0.00,0.00,0.00,0.00,0.00,0.00,1,'Keins',1,'2016-11-01 12:00:13','swatermeyer','2016-11-01 12:00:13'),(47,15,'2015-09-14','keine','17','54','443',1,1,0,0,0.00,0.00,0.00,0.00,0.00,0.00,1,'Keins',1,'2016-11-01 12:00:13','swatermeyer','2016-11-01 12:00:13'),(48,15,'2016-07-17','keine','18','53','443',2,1,0,0,0.00,0.00,0.00,0.00,0.00,0.00,1,'Keins',1,'2016-11-01 12:00:13','swatermeyer','2016-11-01 12:00:13'),(49,16,'2014-01-16','keine','16.5','55','443',0,1,0,0,0.00,0.00,0.00,0.00,0.00,0.00,1,'Keins',1,'2016-11-01 12:00:13','swatermeyer','2016-11-01 12:00:13'),(50,16,'2015-03-13','keine','17','54','443',1,1,0,0,0.00,0.00,0.00,0.00,0.00,0.00,1,'Keins',1,'2016-11-01 12:00:13','swatermeyer','2016-11-01 12:00:13'),(51,16,'2016-02-08','keine','18','53','443',2,1,0,0,0.00,0.00,0.00,0.00,0.00,0.00,1,'Keins',1,'2016-11-01 12:00:13','swatermeyer','2016-11-01 12:00:13'),(52,17,'2014-02-15','keine','16.5','55','443',0,1,0,0,0.00,0.00,0.00,0.00,0.00,0.00,1,'Keins',1,'2016-11-01 12:00:13','swatermeyer','2016-11-01 12:00:13'),(53,17,'2015-12-25','keine','17','54','443',1,1,0,0,0.00,0.00,0.00,0.00,0.00,0.00,1,'Keins',1,'2016-11-01 12:00:13','swatermeyer','2016-11-01 12:00:13'),(54,17,'2016-02-15','keine','18','53','443',2,1,0,0,0.00,0.00,0.00,0.00,0.00,0.00,1,'Keins',1,'2016-11-01 12:00:13','swatermeyer','2016-11-01 12:00:13'),(55,18,'2014-03-14','keine','16.5','55','443',0,1,0,0,0.00,0.00,0.00,0.00,0.00,0.00,1,'Keins',1,'2016-11-01 12:00:13','swatermeyer','2016-11-01 12:00:13'),(56,18,'2015-07-02','keine','17','54','443',1,1,0,0,0.00,0.00,0.00,0.00,0.00,0.00,1,'Keins',1,'2016-11-01 12:00:13','swatermeyer','2016-11-01 12:00:13'),(57,18,'2016-05-01','keine','18','53','443',2,1,0,0,0.00,0.00,0.00,0.00,0.00,0.00,1,'Keins',1,'2016-11-01 12:00:13','swatermeyer','2016-11-01 12:00:13'),(58,19,'2014-08-20','keine','16.5','55','443',0,1,0,0,0.00,0.00,0.00,0.00,0.00,0.00,1,'Keins',1,'2016-11-01 12:00:13','swatermeyer','2016-11-01 12:00:13'),(59,19,'2015-09-30','keine','17','54','443',1,1,0,0,0.00,0.00,0.00,0.00,0.00,0.00,1,'Keins',1,'2016-11-01 12:00:13','swatermeyer','2016-11-01 12:00:13'),(60,19,'2016-07-10','keine','18','53','443',2,1,0,0,0.00,0.00,0.00,0.00,0.00,0.00,1,'Keins',1,'2016-11-01 12:00:13','swatermeyer','2016-11-01 12:00:13'),(61,20,'2014-10-04','keine','16.5','55','443',0,1,0,0,0.00,0.00,0.00,0.00,0.00,0.00,1,'Keins',1,'2016-11-01 12:00:13','swatermeyer','2016-11-01 12:00:13'),(62,20,'2015-09-22','keine','17','54','443',1,1,0,0,0.00,0.00,0.00,0.00,0.00,0.00,1,'Keins',1,'2016-11-01 12:00:13','swatermeyer','2016-11-01 12:00:13'),(63,20,'2016-02-09','keine','18','53','443',2,1,0,0,0.00,0.00,0.00,0.00,0.00,0.00,1,'Keins',1,'2016-11-01 12:00:13','swatermeyer','2016-11-01 12:00:13'),(64,21,'2014-06-28','keine','16.5','55','443',0,1,0,0,0.00,0.00,0.00,0.00,0.00,0.00,1,'Keins',1,'2016-11-01 12:00:13','swatermeyer','2016-11-01 12:00:13'),(65,21,'2015-06-06','keine','17','54','443',1,1,0,0,0.00,0.00,0.00,0.00,0.00,0.00,1,'Keins',1,'2016-11-01 12:00:13','swatermeyer','2016-11-01 12:00:13'),(66,21,'2016-07-06','keine','18','53','443',2,1,0,0,0.00,0.00,0.00,0.00,0.00,0.00,1,'Keins',1,'2016-11-01 12:00:13','swatermeyer','2016-11-01 12:00:13'),(67,22,'2014-11-10','keine','16.5','55','443',0,1,0,0,0.00,0.00,0.00,0.00,0.00,0.00,1,'Keins',1,'2016-11-01 12:00:13','swatermeyer','2016-11-01 12:00:13'),(68,22,'2015-06-07','keine','17','54','443',1,1,0,0,0.00,0.00,0.00,0.00,0.00,0.00,1,'Keins',1,'2016-11-01 12:00:13','swatermeyer','2016-11-01 12:00:13'),(69,22,'2016-08-29','keine','18','53','443',2,1,0,0,0.00,0.00,0.00,0.00,0.00,0.00,1,'Keins',1,'2016-11-01 12:00:13','swatermeyer','2016-11-01 12:00:13'),(70,23,'2014-05-14','keine','16.5','55','443',0,1,0,0,0.00,0.00,0.00,0.00,0.00,0.00,1,'Keins',1,'2016-11-01 12:00:13','swatermeyer','2016-11-01 12:00:13'),(71,23,'2015-08-25','keine','17','54','443',1,1,0,0,0.00,0.00,0.00,0.00,0.00,0.00,1,'Keins',1,'2016-11-01 12:00:13','swatermeyer','2016-11-01 12:00:13'),(72,23,'2016-08-08','keine','18','53','443',2,1,0,0,0.00,0.00,0.00,0.00,0.00,0.00,1,'Keins',1,'2016-11-01 12:00:13','swatermeyer','2016-11-01 12:00:13'),(73,24,'2014-04-07','keine','16.5','55','443',0,1,0,0,0.00,0.00,0.00,0.00,0.00,0.00,1,'Keins',1,'2016-11-01 12:00:13','swatermeyer','2016-11-01 12:00:13'),(74,24,'2015-09-21','keine','17','54','443',1,1,0,0,0.00,0.00,0.00,0.00,0.00,0.00,1,'Keins',1,'2016-11-01 12:00:13','swatermeyer','2016-11-01 12:00:13'),(75,24,'2016-10-07','keine','18','53','443',2,1,0,0,0.00,0.00,0.00,0.00,0.00,0.00,1,'Keins',1,'2016-11-01 12:00:13','swatermeyer','2016-11-01 12:00:13'),(76,25,'2014-05-23','keine','16.5','55','443',0,1,0,0,0.00,0.00,0.00,0.00,0.00,0.00,1,'Keins',1,'2016-11-01 12:00:13','swatermeyer','2016-11-01 12:00:13'),(77,25,'2015-04-18','keine','17','54','443',1,1,0,0,0.00,0.00,0.00,0.00,0.00,0.00,1,'Keins',1,'2016-11-01 12:00:13','swatermeyer','2016-11-01 12:00:13'),(78,25,'2016-08-02','keine','18','53','443',2,1,0,0,0.00,0.00,0.00,0.00,0.00,0.00,1,'Keins',1,'2016-11-01 12:00:13','swatermeyer','2016-11-01 12:00:13'),(79,26,'2014-04-12','keine','16.5','55','443',0,1,0,0,0.00,0.00,0.00,0.00,0.00,0.00,1,'Keins',1,'2016-11-01 12:00:13','swatermeyer','2016-11-01 12:00:13'),(80,26,'2015-05-01','keine','17','54','443',1,1,0,0,0.00,0.00,0.00,0.00,0.00,0.00,1,'Keins',1,'2016-11-01 12:00:13','swatermeyer','2016-11-01 12:00:13'),(81,26,'2016-05-19','keine','18','53','443',2,1,0,0,0.00,0.00,0.00,0.00,0.00,0.00,1,'Keins',1,'2016-11-01 12:00:13','swatermeyer','2016-11-01 12:00:13'),(82,27,'2014-04-26','keine','16.5','55','443',0,1,0,0,0.00,0.00,0.00,0.00,0.00,0.00,1,'Keins',1,'2016-11-01 12:00:13','swatermeyer','2016-11-01 12:00:13'),(83,27,'2015-05-08','keine','17','54','443',1,1,0,0,0.00,0.00,0.00,0.00,0.00,0.00,1,'Keins',1,'2016-11-01 12:00:13','swatermeyer','2016-11-01 12:00:13'),(84,27,'2016-06-26','keine','18','53','443',2,1,0,0,0.00,0.00,0.00,0.00,0.00,0.00,1,'Keins',1,'2016-11-01 12:00:13','swatermeyer','2016-11-01 12:00:13'),(85,28,'2014-07-04','keine','16.5','55','443',0,1,0,0,0.00,0.00,0.00,0.00,0.00,0.00,1,'Keins',1,'2016-11-01 12:00:13','swatermeyer','2016-11-01 12:00:13'),(86,28,'2015-07-21','keine','17','54','443',1,1,0,0,0.00,0.00,0.00,0.00,0.00,0.00,1,'Keins',1,'2016-11-01 12:00:13','swatermeyer','2016-11-01 12:00:13'),(87,28,'2016-08-17','keine','18','53','443',2,1,0,0,0.00,0.00,0.00,0.00,0.00,0.00,1,'Keins',1,'2016-11-01 12:00:13','swatermeyer','2016-11-01 12:00:13'),(88,29,'2014-05-02','keine','16.5','55','443',0,1,0,0,0.00,0.00,0.00,0.00,0.00,0.00,1,'Keins',1,'2016-11-01 12:00:13','swatermeyer','2016-11-01 12:00:13'),(89,29,'2015-05-31','keine','17','54','443',1,1,0,0,0.00,0.00,0.00,0.00,0.00,0.00,1,'Keins',1,'2016-11-01 12:00:13','swatermeyer','2016-11-01 12:00:13'),(90,29,'2016-08-15','keine','18','53','443',2,1,0,0,0.00,0.00,0.00,0.00,0.00,0.00,1,'Keins',1,'2016-11-01 12:00:13','swatermeyer','2016-11-01 12:00:13'),(91,30,'2014-04-08','keine','16.5','55','443',0,1,0,0,0.00,0.00,0.00,0.00,0.00,0.00,1,'Keins',1,'2016-11-01 12:00:13','swatermeyer','2016-11-01 12:00:13'),(92,30,'2015-10-18','keine','17','54','443',1,1,0,0,0.00,0.00,0.00,0.00,0.00,0.00,1,'Keins',1,'2016-11-01 12:00:13','swatermeyer','2016-11-01 12:00:13'),(93,30,'2016-02-29','keine','18','53','443',2,1,0,0,0.00,0.00,0.00,0.00,0.00,0.00,1,'Keins',1,'2016-11-01 12:00:13','swatermeyer','2016-11-01 12:00:13'),(94,31,'2014-11-21','keine','16.5','55','443',0,1,0,0,0.00,0.00,0.00,0.00,0.00,0.00,1,'Keins',1,'2016-11-01 12:00:13','swatermeyer','2016-11-01 12:00:13'),(95,31,'2015-09-02','keine','17','54','443',1,1,0,0,0.00,0.00,0.00,0.00,0.00,0.00,1,'Keins',1,'2016-11-01 12:00:13','swatermeyer','2016-11-01 12:00:13'),(96,31,'2016-12-30','keine','18','53','443',2,1,0,0,0.00,0.00,0.00,0.00,0.00,0.00,1,'Keins',1,'2016-11-01 12:00:13','swatermeyer','2016-11-01 12:00:13'),(97,32,'2014-09-02','keine','16.5','55','443',0,1,0,0,0.00,0.00,0.00,0.00,0.00,0.00,1,'Keins',1,'2016-11-01 12:00:13','swatermeyer','2016-11-01 12:00:13'),(98,32,'2015-12-29','keine','17','54','443',1,1,0,0,0.00,0.00,0.00,0.00,0.00,0.00,1,'Keins',1,'2016-11-01 12:00:13','swatermeyer','2016-11-01 12:00:13'),(99,32,'2016-07-21','keine','18','53','443',2,1,0,0,0.00,0.00,0.00,0.00,0.00,0.00,1,'Keins',1,'2016-11-01 12:00:13','swatermeyer','2016-11-01 12:00:13'),(100,33,'2014-08-23','keine','16.5','55','443',0,1,0,0,0.00,0.00,0.00,0.00,0.00,0.00,1,'Keins',1,'2016-11-01 12:00:13','swatermeyer','2016-11-01 12:00:13'),(101,33,'2015-01-04','keine','17','54','443',1,1,0,0,0.00,0.00,0.00,0.00,0.00,0.00,1,'Keins',1,'2016-11-01 12:00:13','swatermeyer','2016-11-01 12:00:13'),(102,33,'2016-07-04','keine','18','53','443',2,1,0,0,0.00,0.00,0.00,0.00,0.00,0.00,1,'Keins',1,'2016-11-01 12:00:13','swatermeyer','2016-11-01 12:00:13'),(103,2,'2016-11-03','','18','','443',2,1,0,0,0.00,0.00,0.00,0.00,0.00,0.00,0,'',0,'2016-11-03 22:02:38','Demo1','2016-11-03 22:02:38'),(108,3,'2016-11-12','Motor wurde geölt.','18','55','443',1,1,0,0,0.00,0.00,0.00,0.00,0.00,0.00,0,'',1,'2016-11-12 12:00:01','swatermeyer','2016-11-12 12:00:01'),(109,14,'2016-11-21','','18','80','443',2,1,3,0,7.00,7.00,0.00,6.00,6.00,0.00,1,'',2,'2016-11-21 14:27:57','friedrich@orgelbau-friedrich.de','2016-11-21 14:27:57'),(110,2,'2016-11-21','keine','16.5','55','443',0,1,0,0,7.00,7.00,0.00,7.00,7.00,0.00,1,'Keins',2,'2016-11-21 14:30:32','friedrich@orgelbau-friedrich.de','2016-11-21 14:30:32');
/*!40000 ALTER TABLE `wartung` ENABLE KEYS */;
UNLOCK TABLES;

--
-- Temporary table structure for view `zzz_views`
--

DROP TABLE IF EXISTS `zzz_views`;
/*!50001 DROP VIEW IF EXISTS `zzz_views`*/;
SET @saved_cs_client     = @@character_set_client;
SET character_set_client = utf8;
/*!50001 CREATE VIEW `zzz_views` AS SELECT 
 1 AS `bv_benutzername`,
 1 AS `bv_count`,
 1 AS `bv_min`,
 1 AS `bv_max`*/;
SET character_set_client = @saved_cs_client;

--
-- Final view structure for view `rechnung_view`
--

/*!50001 DROP VIEW IF EXISTS `rechnung_view`*/;
/*!50001 SET @saved_cs_client          = @@character_set_client */;
/*!50001 SET @saved_cs_results         = @@character_set_results */;
/*!50001 SET @saved_col_connection     = @@collation_connection */;
/*!50001 SET character_set_client      = utf8 */;
/*!50001 SET character_set_results     = utf8 */;
/*!50001 SET collation_connection      = utf8_general_ci */;
/*!50001 CREATE ALGORITHM=UNDEFINED */
/*!50013 DEFINER=`d023e2de`@`85.13.132.184` SQL SECURITY DEFINER */
/*!50001 VIEW `rechnung_view` AS select `r`.`rp_id` AS `r_id`,`r`.`rp_nummer` AS `r_nummer`,1 AS `r_typid`,_utf8'Pflegerechnung' AS `r_typ`,`r`.`rp_nettobetrag` AS `r_nettobetrag`,`r`.`rp_bruttobetrag` AS `r_bruttobetrag`,`r`.`g_id` AS `g_id`,`g`.`g_kirche` AS `g_kirche`,`r`.`rp_datum` AS `r_datum`,`r`.`rp_eingangsdatum` AS `r_eingangsdatum`,`r`.`rp_eingangsbetrag` AS `r_eingangsbetrag`,`r`.`rp_eingangsanmerkung` AS `r_eingangsanmerkung` from (`rechnung_pflege` `r` join `gemeinde` `g`) where (`r`.`g_id` = `g`.`g_id`) union select `r`.`rs_id` AS `rs_id`,`r`.`rs_nummer` AS `rs_nummer`,2 AS `2`,_utf8'Stundenrechnung' AS `Stundenrechnung`,`r`.`rs_nettobetrag` AS `r_nettobetrag`,`r`.`rs_bruttobetrag` AS `r_bruttobetrag`,`r`.`g_id` AS `g_id`,`g`.`g_kirche` AS `g_kirche`,`r`.`rs_datum` AS `rs_datum`,`r`.`rs_eingangsdatum` AS `r_eingangsdatum`,`r`.`rs_eingangsbetrag` AS `r_eingangsbetrag`,`r`.`rs_eingangsanmerkung` AS `r_eingangsanmerkung` from (`rechnung_stunde` `r` join `gemeinde` `g`) where (`r`.`g_id` = `g`.`g_id`) union select `r`.`ra_id` AS `ra_id`,`r`.`ra_nummer` AS `ra_nummer`,3 AS `3`,_utf8'Abschlagsrechnung' AS `Abschlagsrechnung`,`r`.`ra_nettobetrag` AS `r_nettobetrag`,`r`.`ra_bruttobetrag` AS `r_bruttobetrag`,`r`.`g_id` AS `g_id`,`g`.`g_kirche` AS `g_kirche`,`r`.`ra_datum` AS `ra_datum`,`r`.`ra_eingangsdatum` AS `r_eingangsdatum`,`r`.`ra_eingangsbetrag` AS `r_eingangsbetrag`,`r`.`ra_eingangsanmerkung` AS `r_eingangsanmerkung` from (`rechnung_abschlag` `r` join `gemeinde` `g`) where (`r`.`g_id` = `g`.`g_id`) union select `r`.`re_id` AS `re_id`,`r`.`re_nummer` AS `re_nummer`,4 AS `4`,_utf8'Endrechnung' AS `Endrechnung`,`r`.`re_gesamtnetto` AS `r_gesamtnetto`,`r`.`re_bruttobetrag` AS `r_bruttobetrag`,`r`.`g_id` AS `g_id`,`g`.`g_kirche` AS `g_kirche`,`r`.`re_datum` AS `re_datum`,`r`.`re_eingangsdatum` AS `r_eingangsdatum`,`r`.`re_eingangsbetrag` AS `r_eingangsbetrag`,`r`.`re_eingangsanmerkung` AS `r_eingangsanmerkung` from (`rechnung_end` `r` join `gemeinde` `g`) where (`r`.`g_id` = `g`.`g_id`) */;
/*!50001 SET character_set_client      = @saved_cs_client */;
/*!50001 SET character_set_results     = @saved_cs_results */;
/*!50001 SET collation_connection      = @saved_col_connection */;

--
-- Final view structure for view `zzz_views`
--

/*!50001 DROP VIEW IF EXISTS `zzz_views`*/;
/*!50001 SET @saved_cs_client          = @@character_set_client */;
/*!50001 SET @saved_cs_results         = @@character_set_results */;
/*!50001 SET @saved_col_connection     = @@collation_connection */;
/*!50001 SET character_set_client      = utf8 */;
/*!50001 SET character_set_results     = utf8 */;
/*!50001 SET collation_connection      = utf8_general_ci */;
/*!50001 CREATE ALGORITHM=UNDEFINED */
/*!50013 DEFINER=`d023e2de`@`85.13.132.184` SQL SECURITY DEFINER */
/*!50001 VIEW `zzz_views` AS select `benutzerverlauf`.`bv_benutzerName` AS `bv_benutzername`,count(0) AS `bv_count`,min(`benutzerverlauf`.`bv_createdate`) AS `bv_min`,max(`benutzerverlauf`.`bv_createdate`) AS `bv_max` from `benutzerverlauf` group by `benutzerverlauf`.`bv_benutzerName` */;
/*!50001 SET character_set_client      = @saved_cs_client */;
/*!50001 SET character_set_results     = @saved_cs_results */;
/*!50001 SET collation_connection      = @saved_col_connection */;
/*!40103 SET TIME_ZONE=@OLD_TIME_ZONE */;

/*!40101 SET SQL_MODE=@OLD_SQL_MODE */;
/*!40014 SET FOREIGN_KEY_CHECKS=@OLD_FOREIGN_KEY_CHECKS */;
/*!40014 SET UNIQUE_CHECKS=@OLD_UNIQUE_CHECKS */;
/*!40101 SET CHARACTER_SET_CLIENT=@OLD_CHARACTER_SET_CLIENT */;
/*!40101 SET CHARACTER_SET_RESULTS=@OLD_CHARACTER_SET_RESULTS */;
/*!40101 SET COLLATION_CONNECTION=@OLD_COLLATION_CONNECTION */;
/*!40111 SET SQL_NOTES=@OLD_SQL_NOTES */;

-- Dump completed on 2019-10-07  6:00:06
